id,domain,status,purchase_price,renewal_price,attractiveness,demand,length,registrar,created_at,expires_at,status_verified_at
36c5252e-41cf-4a5f-99c7-182f66e578c4,geologist.website,premium,640,640,high,low,9,namesilo,,,29/09/2026 12:39
1026cb13-75ed-47b7-a074-ca24fd4a90a6,restrictions.website,available,2.99,22.99,medium,low,12,namesilo,,,29/09/2026 23:44
9f89976e-4f22-46ef-bf7e-8ec9b810917b,urban.website,premium,640,640,high,low,5,namesilo,,,28/09/2026 10:00
600b7e38-07d0-4921-a69d-78c81d0470bc,eugenic.website,available,0.98,20.98,medium,low,7,namecheap,,,17/08/2026 14:11
993fa3b1-1750-4bdd-a97a-5fab4f01d0e2,juridical.website,available,0.98,20.98,medium,low,9,namecheap,,,22/08/2026 14:40
9c9176f2-dfab-40ca-809b-365a9cac6ad2,daddy.website,premium,650,1300,high,low,5,namecheap,,,27/09/2026 04:35
2e8b4158-18df-4201-a898-f0ce762d8133,fitch.website,available,2.99,22.99,medium,low,5,namesilo,,,29/09/2026 12:21
19c7fb89-5295-4dbf-a170-d47fdd6710f7,headaches.website,available,1.18,20.84,low,low,9,spaceship,,,29/09/2026 06:01
d08f5d10-5145-46c3-8169-4b83046a9e94,playfield.website,available,2.99,22.99,high,low,9,namesilo,,,
6ed1624f-471d-4e13-b5d6-d756a677e42b,threaten.website,available,0.98,20.98,high,low,8,namecheap,,,27/09/2026 04:46
098368a7-8fba-44d1-a60b-f33087320352,actors.website,premium,625,,high,low,6,name.com,,,
9a472378-a4fc-4ab1-97df-077e0d2587fd,tawdry.website,available,0.98,20.98,medium,low,6,namecheap,,,12/08/2026 03:29
272300ea-e0c2-4087-930f-6627282dc4e0,infinite.website,premium,625,1250,high,medium,8,name.com,,,13/08/2026 03:37
2abe6ed1-3ab7-4f91-8be1-7e45146a509a,rockers.website,available,2.99,22.99,high,low,7,namesilo,,,23/09/2026 15:34
228177d9-43ea-4805-9028-9a651947e3bd,quinn.website,premium,325,650,high,low,5,namecheap,,,25/09/2026 21:10
fc757eac-3938-4557-ab52-f295f020199d,approaches.website,available,20.2,20.2,high,low,10,cloudflare,,,28/09/2026 06:41
889342b5-8210-4311-b750-f76dd7acd6c2,concisely.website,available,0.98,20.98,medium,low,9,namecheap,,,14/09/2026 08:10
f4d8b2d8-6794-40e0-af2c-942e04bd4ed9,reviews.website,premium,3450,3450,medium,low,7,namesilo,,,28/09/2026 23:12
9e05aa49-3d2e-417c-83a2-a723ba7f2ab6,remain.website,premium,156.25,,high,low,6,name.com,,,
ea67022f-cccb-4f42-91fd-273eb3f3eff6,mortgaged.website,available,0.98,20.98,medium,low,9,namecheap,,,25/08/2026 06:38
b95182fa-3cba-48d2-ae27-c90f66e12ef1,project.website,premium,1625,3250,high,medium,7,namecheap,,,24/09/2026 16:43
54755cef-90e0-4ddb-88a2-be80b4944cb5,posse.website,available,2.99,22.99,high,low,5,namesilo,,,30/09/2026 02:35
4f48f006-fb1e-4418-8ec0-d4f5ffd4e124,perishable.website,available,0.98,20.98,high,low,10,namecheap,,,08/09/2026 17:18
58d899ee-11d6-4e56-8837-cbfad6494307,palmar.website,available,0.98,20.98,medium,low,6,namecheap,,,04/09/2026 23:58
c6f59355-38ae-4e74-b451-11ded69aae5c,clothe.website,premium,162.5,325,high,low,6,namecheap,,,19/09/2026 19:51
772c5f4f-9b13-424b-83aa-a894a2f741c9,companies.website,premium,6900,6900,high,low,9,namesilo,,,28/09/2026 04:54
fab1d22c-542b-43b1-99b4-97f1b529624d,happiest.website,premium,302.5,302.5,high,low,8,namesilo,,,18/09/2026 04:16
a34d44ec-5955-4a57-8c0e-39dfa5c340b0,disgust.website,available,2.5,21.62,high,low,7,dynadot,,,29/09/2026 15:47
2c3836de-f8f0-47d4-a7cf-a834c76f8eca,neophyte.website,available,0.98,20.98,high,low,8,namecheap,,,18/08/2026 07:34
e19f81a3-0f59-4cbf-9af8-f5f9f9b32482,realizable.website,available,2.99,22.99,high,low,10,namesilo,,,21/09/2026 15:51
ad050fb0-7f12-4766-9f6a-28e343327d7a,champions.website,available,2.99,22.99,high,low,9,namesilo,,,28/09/2026 13:32
3f91dbcb-a7e2-4860-b97f-0a6256deaa4a,remainder.website,available,0.98,20.98,high,low,9,namecheap,,,09/09/2026 15:03
f4223380-9c0a-429a-961d-b486c924ac10,enumerate.website,available,0.98,20.98,high,low,9,namecheap,,,03/09/2026 22:58
c02ede59-c377-43dd-ae77-23855d5f7c50,natural.website,premium,517.7,1035.2,high,low,7,spaceship,,,28/09/2026 04:26
424c7e0a-57cc-41b3-b492-c26e96be4d10,orderly.website,resell,,,high,low,7,"GoDaddy.com, LLC",19/09/2023 17:23,19/09/2027 23:59,26/09/2026 07:56
83353a8d-be1c-4219-a22b-03a763007353,cara.website,resell,,,high,low,4,,,,28/09/2026 22:02
b0c63d9e-254f-4908-98d6-bd7ad7149f2d,cuneiform.website,available,0.98,20.98,medium,low,9,namecheap,,,13/08/2026 10:34
d10bfe23-e13a-4fc2-af25-43797adf89a8,fuzzed.website,available,0.98,20.98,medium,low,6,namecheap,,,18/08/2026 19:20
6042827d-7024-459f-b11b-b1e260b1849e,thirdly.website,available,0.98,20.98,medium,low,7,namecheap,,,11/09/2026 13:39
fe3f97b4-2b51-437f-99db-e7a19699ea27,dictate.website,available,2.5,21.62,high,low,7,dynadot,,,29/09/2026 18:38
792d7aad-c70b-4524-938a-399365084a65,ira.website,premium,1092.18,1092.18,high,low,3,porkbun,,,28/09/2026 14:31
ae07065c-3eba-4d71-8e01-10e1fe8450c6,fellowships.website,available,2.99,22.99,medium,low,11,namesilo,,,21/09/2026 08:52
30755779-fbbf-4052-9141-538e51cef204,alidade.website,available,0.98,20.98,medium,low,7,namecheap,,,18/09/2026 07:31
69086a79-818e-43df-9218-999053c40519,agua.website,available,0.98,20.98,high,low,4,namecheap,,,17/09/2026 20:04
318030be-c5d8-4a27-b79d-4de675a818bc,factories.website,premium,1107,1107,medium,low,9,namesilo,,,20/09/2026 05:09
6efe5c1f-d4f3-495a-86a8-f8d6bf1cae11,dishonest.website,available,0.98,20.98,medium,low,9,namecheap,,,11/08/2026 03:44
a274463b-6d47-4b87-a131-211f526944e2,ado.website,premium,1107,1107,high,low,3,namesilo,,,17/09/2026 09:17
3d713734-0e13-42e3-bbeb-5136c4211383,armagnac.website,available,2.99,22.99,medium,low,8,namesilo,,,20/09/2026 06:29
769062e9-a850-4345-b8f0-4713df6f9016,hamlet.website,available,1.18,20.84,high,low,6,spaceship,,,28/09/2026 18:50
a39f3f5b-2391-414a-9735-3e9493516dfb,marietta.website,available,1.18,20.84,high,low,8,spaceship,,,28/09/2026 04:02
c3da1c70-87b9-4c9e-bb29-d1c9369e4f41,grant.website,premium,1107,1107,high,low,5,namesilo,,,27/09/2026 12:18
625a6703-df69-4869-a837-f2fa0355aefe,ophthalmic.website,available,0.98,20.98,medium,low,10,namecheap,,,04/09/2026 16:33
77c3720f-7e19-4106-9789-10cf4f480276,opaline.website,available,0.98,20.98,medium,low,7,namecheap,,,04/09/2026 15:45
cd3845ba-ab21-4ed8-8280-695989a27214,heather.website,premium,,,high,low,7,,,,28/09/2026 05:22
c1d1e19d-33f7-44bd-a052-666043b8c2ac,unexpired.website,available,0.98,20.98,medium,low,9,namecheap,,,12/09/2026 09:38
d742f8ff-05b3-409d-bb77-ee8b2427d115,lipstick.website,premium,1107,1107,high,low,8,namesilo,,,28/09/2026 02:36
6eb75e7d-d7d5-443e-a598-e14de62ed177,flexible.website,premium,325,650,high,low,8,namecheap,,,23/09/2026 18:12
da7bf535-6868-4f54-8c5d-ab15780cac62,expiration.website,available,1.18,20.84,high,low,10,spaceship,,,29/09/2026 18:05
df47847c-032a-43ab-ba16-0bd33893429e,sheetlike.website,available,0.98,20.98,high,medium,9,namecheap,,,10/09/2026 06:21
0ae9653e-4fb6-49ed-ad17-e017369bfa36,foldaway.website,available,0.98,20.98,high,low,8,namecheap,,,18/08/2026 10:07
1f65adfb-8790-428f-91cd-282fcc3f41d9,clergy.website,available,1.96,21.11,high,low,6,porkbun,,,29/09/2026 09:59
1af6ac3c-18e4-4e03-bb56-bef44e1f9fde,levantine.website,available,0.98,20.98,medium,low,9,namecheap,,,23/08/2026 00:31
6f617bfb-cd87-42e4-983e-42495a0e77fb,containing.website,available,2.5,21.62,high,low,10,dynadot,,,29/09/2026 03:15
208c5bb5-f623-4fdc-90d2-5321f9efda93,circular.website,available,2.99,22.99,high,low,8,namesilo,,,23/09/2026 09:44
3d6bda8e-1ffe-4dd6-8291-ab46174030d9,madrona.website,available,2.99,22.99,medium,low,7,namesilo,,,20/09/2026 01:01
0f735224-59c8-4cc1-a1db-c545257452d5,chorally.website,available,0.98,20.98,medium,low,8,namecheap,,,14/09/2026 06:49
be6b1b1c-4a15-43f3-89fa-f60450df8282,cordova.website,premium,273.44,273.44,high,low,7,porkbun,,,29/09/2026 11:58
65c50c04-843d-49c8-90d8-02df247edc8c,gnarly.website,available,0.98,20.98,medium,low,6,namecheap,,,20/08/2026 15:38
0df4a275-c7cc-4daf-b381-50a33f9f6e7d,wise.website,premium,1107,1107,high,high,4,namesilo,,,24/09/2026 23:31
0c0e4bd0-c1d9-416d-8b17-99b1a3294337,performed.website,available,2.99,22.99,medium,low,9,namesilo,,,
bec4e4e1-a71a-45d9-8c8d-739b35e86cd0,intriguing.website,available,2.99,22.99,high,low,10,namesilo,,,25/09/2026 10:52
d04088e9-1c6c-4a3d-9861-89cb1988004e,homemade.website,premium,116,116,high,low,8,namesilo,,,29/09/2026 22:59
88610599-12b6-4cbb-9f65-3e8e78885c83,uninviting.website,available,0.98,20.98,medium,low,10,namecheap,,,12/09/2026 13:39
7478a5ac-e6bb-4303-a31a-beed39eb5836,bears.website,premium,625,,high,low,5,name.com,,,
23389835-1176-48c3-bd0f-34c12acb4d12,niffy.website,available,0.98,20.98,low,low,5,namecheap,,,03/09/2026 17:10
9ba77450-5e29-42d1-a214-74cf3941dcc2,hopeful.website,premium,162.5,325,high,low,7,namecheap,,,22/09/2026 09:48
0384f2f2-824e-4347-87a3-0e04fc5a0253,costumed.website,available,0.98,20.98,high,low,8,namecheap,,,13/08/2026 03:18
3d9661e3-9bc5-4569-af94-c37a274cf711,metameric.website,available,0.98,20.98,medium,low,9,namecheap,,,24/08/2026 21:39
08237880-bc3c-41ce-b214-4cac39938db2,assail.website,available,2.99,22.99,medium,low,6,namesilo,,,20/09/2026 15:49
d038df4b-8c2e-4210-b610-839cd165fe6a,thanksgiving.website,premium,640,640,high,low,12,namesilo,,,16/09/2026 10:18
72afedb3-b2c8-43fa-82f3-ae9303311c8b,asteroidea.website,available,0.98,20.98,medium,low,10,namecheap,,,20/09/2026 17:14
79cb7a73-a567-4895-b87a-d2256eac9c02,confessional.website,available,1.18,20.84,high,low,12,spaceship,,,30/09/2026 03:45
91c721e9-342d-47c0-b9ad-30b20a52472f,shrugs.website,available,2.99,22.99,medium,low,6,namesilo,,,20/09/2026 12:14
1d7b758b-583c-4184-8981-413a008d5fcb,riddle.website,available,2.99,22.99,high,low,6,namesilo,,,24/09/2026 08:02
6a2c25c3-7413-4462-87a4-29dd4992eebb,nipponese.website,available,0.98,20.98,medium,low,9,namecheap,,,22/08/2026 12:24
37ebda5e-6d10-4c43-a5ba-d85ecd9a3d6c,passing.website,available,2.99,22.99,high,low,7,namesilo,,,24/09/2026 14:24
a8fa5295-8410-4320-8b3c-f890dcbfa92e,spring.website,premium,1107,1107,high,medium,6,namesilo,,,30/09/2026 01:44
5b79cee9-bc4f-4c89-81b9-feb9cf501f06,astylar.website,available,0.98,20.98,medium,low,7,namecheap,,,07/08/2026 10:15
e47c4eba-60dd-4125-9dce-e3ca2cb1532b,mountains.website,premium,312.5,625,medium,low,9,name.com,,,17/09/2026 17:48
8cde3ef1-d4d1-49e4-93de-7333bec83ace,heterodox.website,available,0.98,20.98,medium,low,9,namecheap,,,14/08/2026 12:37
90a58d5f-acce-43e2-8065-0d6a17137d4c,vertical.website,premium,325,650,high,low,8,namecheap,,,24/09/2026 14:52
59189cec-d100-4a5d-bc01-9ad07caeb761,specializing.website,available,2.99,22.99,medium,low,12,namesilo,,,20/09/2026 06:01
177b1c94-5d03-46d1-8b26-5a91427047a4,zoom.website,premium,650,1300,high,medium,4,namecheap,,,28/09/2026 15:12
ddd7e719-0b88-4107-8121-d08b37acc0a3,bottled.website,available,0.98,20.98,high,low,7,namecheap,,,29/09/2026 03:12
eb1748c4-c33b-4c4b-a142-0494e752bc95,pasted.website,available,0.98,20.98,high,low,6,namecheap,,,20/08/2026 15:14
30560263-5567-418c-a44a-83f2617c4ec8,unimpeded.website,available,0.98,20.98,medium,low,9,namecheap,,,12/09/2026 13:10
0e737f4b-f44e-4bbc-b2bf-4401cf128688,themselves.website,available,2.99,22.99,medium,low,10,namesilo,,,25/09/2026 16:52
b4eb734d-5a69-43cd-857f-1406890a6b6d,purau.website,available,2.99,22.99,medium,low,5,namesilo,,,21/09/2026 22:02
60868e2e-7333-45fd-afad-2ae0d5a6034e,aspirin.website,premium,302.5,302.5,high,medium,7,namesilo,,,28/09/2026 17:41
92bed177-f959-4f23-b467-774602262c8a,wonder.website,premium,302.5,302.5,high,medium,6,namesilo,,,29/09/2026 13:03
25ea347a-5f8d-44a0-a204-2d07cf977a52,fruitfully.website,available,0.98,20.98,high,low,10,namecheap,,,14/09/2026 20:27
8e3ef566-f4db-43ae-b7ea-533a25fddeee,alluvion.website,available,2.99,22.99,medium,low,8,namesilo,,,18/09/2026 12:21
a0735c86-0e2b-457e-aa1f-da5afc72b01a,phones.website,premium,6900,6900,high,low,6,namesilo,,,20/09/2026 09:31
47282d85-f801-4663-83c9-480824de3b6f,eastbound.website,available,0.98,20.98,high,low,9,namecheap,,,14/08/2026 22:50
69009bfc-6533-4365-b8a6-1f1ee1a5d650,messed.website,available,2.99,22.99,medium,low,6,namesilo,,,17/09/2026 16:53
61657c6f-6970-4794-b018-cac44e29ec32,investor.website,premium,3125,,high,medium,8,name.com,,,28/09/2026 05:43
a40e4c2c-c39c-4ed5-960c-723950af11b4,lawsuits.website,available,1.18,20.84,medium,low,8,spaceship,,,29/09/2026 11:39
8c2e856a-0487-49b1-a638-e75916c28b50,worthwhile.website,available,2.5,21.62,high,low,10,dynadot,,,28/09/2026 11:04
0e1cc4e0-3e6b-40c3-9c7d-06ee5b7da2b3,phantasy.website,available,0.98,20.98,high,low,8,namecheap,,,17/08/2026 21:58
d4f33fd9-58b6-42f8-a7a6-8dc15df98964,blackball.website,available,0.98,20.98,medium,low,9,namecheap,,,03/09/2026 15:03
5c63510a-541e-481b-ad46-31e5c9b07956,hobbes.website,available,2.99,22.99,medium,low,6,namesilo,,,29/09/2026 07:16
30699fef-6cb8-4fc1-b008-a77edba261c4,disjoined.website,available,0.98,20.98,medium,low,9,namecheap,,,14/08/2026 11:07
0c44be92-da70-45fd-949c-18c934d4650b,snicker.website,available,2.99,22.99,high,low,7,namesilo,,,
74a59837-f0fa-4861-8615-6b3a5dff02c1,marvin.website,premium,162.5,325,high,low,6,namecheap,,,25/09/2026 13:38
0f5e9252-5e80-4883-951d-0407038f375e,apples.website,premium,1107,1107,high,low,6,namesilo,,,19/09/2026 13:21
441ee0eb-413a-47e2-ad40-cc2570f42ed5,format.website,premium,550,1100,high,low,6,dynadot,,,29/09/2026 18:35
e593f39c-2481-4545-b4d4-9750935200bd,hours.website,premium,325,650,high,low,5,namecheap,,,29/09/2026 23:03
4f2a762c-b00d-453a-843c-be245d12d0fc,tremulous.website,available,0.98,20.98,medium,low,9,namecheap,,,09/09/2026 07:46
6e9da2b8-3e9d-4406-91d2-24af839cb936,enrico.website,available,20.2,20.2,medium,low,6,cloudflare,,,28/09/2026 13:31
8fbdad06-3cf7-4372-a7d4-625f54af3e7f,rutty.website,available,0.98,20.98,medium,low,5,namecheap,,,09/09/2026 20:24
a8667835-2f34-4402-8789-f063e0fb4cc9,macdonald.website,premium,162.5,325,high,low,9,namecheap,,,25/09/2026 15:47
77084d6e-643b-4757-94a9-a29ebf68e6dc,forever.website,premium,1107,1107,high,medium,7,namesilo,,,28/09/2026 14:47
4dac60b1-800a-410f-8e8d-59791fd37165,doubling.website,available,1.18,20.84,high,low,8,spaceship,,,29/09/2026 16:36
3eae9826-1672-401d-8b1e-7a9d962f1b9f,photocopying.website,available,2.99,22.99,medium,low,12,namesilo,,,20/09/2026 03:35
51debc5f-a984-43a9-97f8-b3785a71bcfa,ebonics.website,available,2.99,22.99,medium,low,7,namesilo,,,16/09/2026 13:39
4e2de962-4c93-4e5c-b245-3d645804f561,screeching.website,available,0.98,20.98,medium,low,10,namecheap,,,09/09/2026 23:59
19ee0eb6-57f9-4782-9569-5eeb0696a069,condign.website,available,0.98,20.98,medium,low,7,namecheap,,,12/08/2026 20:26
58047676-4b42-4272-bcbc-633cb17efd09,reactions.website,premium,51.95,103.7,medium,low,9,spaceship,,,29/09/2026 05:35
1414b458-fde2-4069-855c-bbfc2365de39,argive.website,available,0.98,20.98,medium,low,6,namecheap,,,06/08/2026 18:27
dafb95b7-9c2d-4545-aa80-8e5c9f9080b1,gone.website,premium,65,130,high,low,4,namecheap,,,22/09/2026 10:48
a637e548-164f-475f-a58e-ae32d1050a2b,acetous.website,available,0.98,20.98,medium,low,7,namecheap,,,
18595b0b-6b0e-4795-9059-209a44fe570b,somewhat.website,available,2.99,22.99,high,low,8,namesilo,,,25/09/2026 12:06
6fec829f-b012-4344-a976-214a0ba2dec2,tag.website,premium,1625,3250,high,medium,3,namecheap,,,24/09/2026 13:51
cdfecf83-c981-4662-86c3-8dbc2061cbbe,unary.website,available,0.98,20.98,high,low,5,namecheap,,,12/09/2026 01:06
f7ab9733-d6cb-4aed-9887-4acbd584cc37,toughened.website,available,0.98,20.98,medium,low,9,namecheap,,,11/09/2026 10:54
905453b3-a496-4bb5-a101-0ea9cd75abfa,resting.website,available,20.2,20.2,high,low,7,cloudflare,,,28/09/2026 04:49
78b58243-9915-4eee-bb5b-df4bc982cf7f,berks.website,available,1.18,20.84,medium,low,5,spaceship,,,29/09/2026 15:22
595b7220-68ec-4aad-a38c-3c7670d82060,strangely.website,available,0.98,20.98,medium,low,9,namecheap,,,14/09/2026 20:38
03a78c31-0fff-4ef5-9aa0-52187eab32a5,yeltsin.website,available,1.18,20.84,medium,low,7,spaceship,,,28/09/2026 22:09
c9c827f1-8370-47dd-aecf-c01df0059653,bmdo.website,available,2.99,22.99,medium,low,4,namesilo,,,21/09/2026 22:57
11e5cab5-545e-4027-aa4f-9669881b6494,barrio.website,premium,302.5,302.5,high,low,6,namesilo,,,22/09/2026 08:38
10e5f0a7-90d7-4088-978c-cfe692f0a0f1,onager.website,available,2.99,22.99,medium,low,6,namesilo,,,20/09/2026 00:38
a528a03e-9602-43ff-82f7-c825da7a1791,hexad.website,available,0.98,20.98,medium,low,5,namecheap,,,
607f4014-e403-4d27-99ee-a5288bc824f1,cricket.website,premium,625,,high,low,7,name.com,,,29/09/2026 12:00
2cf21381-e7a5-4ffe-8fe0-f35b390dd92e,religion.website,premium,517.7,1035.2,high,low,8,spaceship,,,29/09/2026 18:54
3e4ed14a-8e7b-4465-a672-4714f6653ee4,valid.website,premium,517.7,1035.2,high,low,5,spaceship,,,28/09/2026 10:05
8acf4528-34b5-4c90-9baf-b7b53259313e,corsica.website,available,20.2,20.2,medium,low,7,cloudflare,,,28/09/2026 13:46
b75a61bc-a984-44ed-83dd-bc9f96255204,marang.website,available,0.98,20.98,medium,low,6,namecheap,,,20/09/2026 12:01
6fe6ed0b-92bf-4a7a-9486-537bf54864a1,abydos.website,available,0.98,20.98,medium,low,6,namecheap,,,16/09/2026 19:41
0e90cb43-56b5-4a13-bc63-711a4f9957bc,tagore.website,available,1.18,20.84,medium,low,6,spaceship,,,30/09/2026 02:38
7717b1b3-1b47-4460-a4e8-c4c0fed97012,agar.website,available,0.98,20.98,medium,low,4,namecheap,,,17/09/2026 16:14
570d460a-a3e5-48ff-bd88-3ec0077d01d6,desperate.website,available,0.98,20.98,high,low,9,namecheap,,,14/08/2026 03:58
3e98f5ee-44a2-4fb3-a649-c66954b5861a,newtonian.website,available,0.98,20.98,medium,low,9,namecheap,,,03/09/2026 16:55
be11a911-2e1b-459b-b078-759b2c471136,alar.website,available,0.98,20.98,medium,low,4,namecheap,,,
287eac85-057c-4dad-87b8-f8f23effeab0,energy.website,premium,1107,1107,high,medium,6,namesilo,,,28/09/2026 06:07
411c2aaa-c326-4d21-9581-34c20ece343a,sizable.website,available,0.98,20.98,high,low,7,namecheap,,,20/08/2026 16:38
ad10dd6a-4369-4513-a53a-5c86ddff4a44,bickering.website,available,2.99,22.99,medium,low,9,namesilo,,,23/09/2026 13:12
57563865-50b4-4e54-9c2e-3dbabd6a4870,edison.website,premium,650,1300,high,low,6,namecheap,,,29/09/2026 00:45
128710b6-92d3-42df-9b10-a6b8a92119f9,womb.website,available,2.5,21.62,high,low,4,dynadot,,,28/09/2026 20:42
89f6c7b8-20c1-4c5a-9a6c-992519702f68,gas.website,premium,1107,1107,high,low,3,namesilo,,,30/09/2026 01:57
dbcaefa9-6254-421c-809e-bf723571b26f,rose.website,premium,517.7,1035.2,high,medium,4,spaceship,,,27/09/2026 16:23
a5e98052-a706-4e7e-b688-c6b340a2c1ce,resident.website,premium,162.5,325,high,low,8,namecheap,,,03/09/2026 19:51
8c81d2f8-6d44-49d8-8f98-b3ff20cb58a3,handmade.website,premium,156.25,312.5,high,low,8,name.com,,,20/08/2026 23:06
cbca1def-9253-45ce-9f92-413537686dff,lucubrate.website,available,0.98,20.98,medium,low,9,namecheap,,,15/08/2026 23:00
2a26ae82-26c7-4e5a-8117-13f9e77a70f0,livy.website,available,2.5,21.62,medium,low,4,dynadot,,,29/09/2026 13:19
e9f111a1-2cff-4a14-b90a-1a378fcc40d0,plus.website,premium,1107,1107,high,medium,4,namesilo,,,27/09/2026 04:17
bcbfe166-69e9-4c52-9658-19352d41e045,allspice.website,available,0.98,20.98,high,low,8,namecheap,,,18/09/2026 12:10
37f26b4a-7fcc-464a-911c-cf8fb509a135,princes.website,available,1.18,20.84,medium,low,7,spaceship,,,29/09/2026 10:59
1b8e1b5f-cb6d-4ba5-9382-418d30e0ec2f,instate.website,available,4.99,,medium,low,8,name.com,,,
455d33ff-743c-4381-b159-82b28a20652a,dialog.website,premium,1107,1107,high,low,6,namesilo,,,24/09/2026 22:13
d59b7d7d-f3bc-4c3a-abe9-75d33a8a7853,wellborn.website,available,0.98,20.98,medium,low,8,namecheap,,,13/09/2026 10:42
87de61f4-4c1a-4495-b3f8-dd8a563da535,weblike.website,available,0.98,20.98,medium,low,7,namecheap,,,03/09/2026 16:06
8ee6fbf3-136f-4b5a-ba22-7af6ce796ce6,bended.website,available,0.98,20.98,low,low,6,namecheap,,,09/08/2026 14:15
b6f89054-93e7-430c-9679-37ba224146a5,unbounded.website,available,0.98,20.98,high,medium,9,namecheap,,,10/08/2026 22:34
afe37e61-8666-4721-b59d-e68237ee093c,refulgent.website,available,0.98,20.98,medium,low,9,namecheap,,,15/08/2026 16:26
0e00bc14-31f4-4782-997c-d4b642ba0210,columns.website,premium,,,low,low,7,,,,28/09/2026 23:03
418e45cd-528c-4f87-887e-f22c44302f28,seafood.website,premium,650,1300,high,low,7,namecheap,,,08/09/2026 02:47
7f1aa697-37b0-4ede-a41c-4c3602357ea6,choke.website,available,0.98,20.98,high,low,5,namecheap,,,24/09/2026 14:43
ad1c32a6-c246-41ff-8228-b486068afb5a,westbound.website,available,0.98,20.98,high,low,9,namecheap,,,13/09/2026 10:51
3046b787-5479-4657-844e-d544a263115b,tellurium.website,available,0.98,20.98,medium,low,9,namecheap,,,20/09/2026 23:13
02e4cb7d-6900-4e71-b212-73b3b12ac558,fittingly.website,available,0.98,20.98,medium,low,9,namecheap,,,13/09/2026 20:32
ddbc02b5-7110-4578-9b78-045b551c40f0,symbol.website,premium,517.7,1035.2,high,low,6,spaceship,,,28/09/2026 09:07
f503b172-b7f6-4a58-9f67-7bb8e0b3a9b1,translating.website,available,0.98,20.98,medium,low,11,namecheap,,,17/09/2026 20:51
b54ab056-b125-4619-b997-6911435eb3e4,sixpenny.website,available,0.98,20.98,high,low,8,namecheap,,,10/09/2026 09:06
3a75ba51-bd6f-4a2d-96b3-87b30bd664d2,arius.website,available,2.99,22.99,medium,low,5,namesilo,,,20/09/2026 06:03
2aa9eb0e-780a-433f-b9c5-85f13846283b,subliminal.website,available,0.98,20.98,high,low,10,namecheap,,,11/09/2026 00:08
721113ab-f258-40d5-84ba-9a5852e203ae,returns.website,premium,302.5,302.5,high,low,7,namesilo,,,17/09/2026 17:19
c9460c6a-6c5a-48bd-ad26-64d2832638c2,harp.website,available,1.18,20.84,high,low,4,spaceship,,,28/09/2026 14:23
bc92dc22-5653-486e-bfe1-c0da18aa3990,igg.website,premium,302.5,302.5,high,low,3,namesilo,,,30/09/2026 01:57
f1a35399-4074-4280-bdf5-878267671a04,lucknow.website,premium,129.58,258.95,high,low,7,spaceship,,,28/09/2026 19:45
cb136bde-6175-4269-9b5f-95a778914226,interpersonal.website,available,2.99,22.99,high,low,13,namesilo,,,
daf164f6-e2bc-41e3-b0e2-8d9801d1eeb8,acold.website,available,0.98,20.98,medium,low,5,namecheap,,,
fbaa58e8-8b01-48a5-81d1-0a8170c7203e,submitted.website,available,20.2,20.2,medium,low,9,cloudflare,,,29/09/2026 10:53
577dae0c-95c1-4ecb-9075-cb824ad002fb,soldiers.website,premium,156.25,,medium,low,8,name.com,,,
2cc861b6-202e-4209-b3b8-fc4f2b77178f,besieged.website,available,0.98,20.98,low,low,8,namecheap,,,09/08/2026 15:25
0e44cb45-2442-4d53-bc7e-0546ca425e95,allelic.website,available,0.98,20.98,medium,low,7,namecheap,,,
15d4e98c-1b53-4f3b-9c92-0fdde7b6a0f1,albuquerque.website,premium,640,640,medium,low,11,namesilo,,,29/09/2026 05:43
8087774d-baed-4bf2-8a26-3a232a13f136,bindweed.website,available,2.99,22.99,medium,low,8,namesilo,,,23/09/2026 17:12
0b401214-94de-4a33-afad-e0680710f45f,acinose.website,available,0.98,20.98,medium,low,7,namecheap,,,
c5d2ed67-c7eb-4e3a-9619-c9bd54c0cd30,destroyer.website,available,0.98,20.98,high,low,9,namecheap,,,28/09/2026 05:31
3e499214-6deb-4ac2-a957-602f08817a7c,applied.website,premium,156.25,312.5,high,low,7,name.com,,,06/08/2026 07:11
ba562a9e-4d2e-48b2-9e7e-323ad016ab00,sarawakian.website,available,0.98,20.98,high,medium,10,namecheap,,,09/09/2026 21:26
727c54b6-8f8c-4648-bf95-a00f5d3064ea,wolff.website,available,2.99,22.99,high,low,5,namesilo,,,25/09/2026 23:22
c09ef66a-e620-4323-8830-7eb681bf7214,poultry.website,premium,116,116,high,low,7,namesilo,,,24/09/2026 23:24
8236b50b-12f7-4611-a799-ef0edeaab885,unruffled.website,available,0.98,20.98,high,medium,9,namecheap,,,08/09/2026 20:15
12869fc1-c2dd-4871-bc10-c4c785fa9886,margot.website,available,2.5,21.62,high,low,6,dynadot,,,28/09/2026 21:14
4fea1828-994f-47f8-9d23-c114076ff4b0,brick.website,premium,1107,1107,high,low,5,namesilo,,,27/09/2026 11:59
a52718e2-f9b5-48f8-bd5f-1c156fcb5438,manifestly.website,available,0.98,20.98,medium,low,10,namecheap,,,08/09/2026 20:23
e3cd6cdf-8b3a-422b-b027-31f122a6c9d1,acrylic.website,available,2.99,22.99,high,low,7,namesilo,,,17/09/2026 04:05
2ae4e687-00fc-4858-b621-a75668b2f877,wastebasket.website,available,2.99,22.99,high,low,11,namesilo,,,
16a9e718-2cc0-44a6-b07f-22a2f0ee1f2d,genteel.website,available,0.98,20.98,high,low,7,namecheap,,,13/08/2026 10:19
79853194-e50b-418a-8417-51b5964ca985,obliging.website,available,0.98,20.98,high,low,8,namecheap,,,12/08/2026 19:27
4407aae5-4eea-46be-b51b-5a059ca761b8,oyster.website,premium,156.25,,high,low,6,name.com,,,29/09/2026 23:18
0642e388-cbc4-4330-985e-f67584cf335d,synchronal.website,available,0.98,20.98,medium,low,10,namecheap,,,11/09/2026 06:13
d967b6dc-fdc7-40ec-8ea1-99629a0a344e,hymie.website,available,0.98,20.98,high,medium,5,namecheap,,,10/09/2026 06:16
8da2737d-010a-4f3d-85c9-43a3c6885e45,poll.website,premium,1092.18,1092.18,high,low,4,porkbun,,,29/09/2026 06:42
c4e1ce66-a373-4ae0-a471-a9a9cc3b2ae2,agitprop.website,available,0.98,20.98,medium,low,8,namecheap,,,17/09/2026 18:14
ca64f6dc-09ce-4e18-b02b-e363aec11272,aarhus.website,available,2.99,22.99,medium,low,6,namesilo,,,16/09/2026 13:27
00f51909-1445-4b2d-bfb2-a776a4591b25,conductor.website,premium,129.58,258.95,high,low,9,spaceship,,,29/09/2026 10:48
b9fb9830-676f-43ae-9fc6-40599be3b57d,kerala.website,premium,640,640,medium,low,6,namesilo,,,28/09/2026 16:15
cc26a589-d4ef-4532-90df-43dcbb84a072,litigate.website,available,2.99,22.99,medium,low,8,namesilo,,,17/09/2026 05:06
f1beccd7-2622-42da-bb76-d9814dd2f5ba,gravely.website,available,0.98,20.98,medium,low,7,namecheap,,,13/09/2026 23:09
cbefed88-3656-4c37-8c3d-02763f4cf5fe,autostrada.website,available,2.99,22.99,high,low,10,namesilo,,,21/09/2026 07:54
59309f1a-d940-4cec-8b70-6b07520c1df5,woollen.website,available,0.98,20.98,high,low,7,namecheap,,,13/09/2026 13:15
b64ed0c2-6e46-4ca8-b5a4-b4b3eb18077a,painting.website,premium,1107,1107,high,low,8,namesilo,,,25/09/2026 07:33
226a3fbf-395c-46a8-8912-a27f11d99b3e,tuppeny.website,available,0.98,20.98,medium,low,7,namecheap,,,10/09/2026 09:12
84a1cd22-7f15-4c97-bf12-060a7655312c,gallon.website,available,20.2,20.2,high,low,6,cloudflare,,,29/09/2026 10:57
56906ea2-32f9-4e46-8f2f-c97ebe2d9b81,blackpool.website,premium,1107,1107,high,low,9,namesilo,,,24/09/2026 02:57
d788e94b-9480-48f8-b0c7-02e095698e1e,bahasa.website,available,2.99,22.99,medium,low,6,namesilo,,,21/09/2026 18:41
efaabe02-3cd5-4ac0-96cd-2087fdcd468a,tent.website,premium,156.25,312.5,high,low,4,name.com,,,11/08/2026 15:59
d92d68df-ce4b-426a-bbb0-caf3d0719c24,interest.website,premium,650,1300,high,low,8,namecheap,,,08/09/2026 14:02
177685e0-d937-4f5c-a193-6f98c6942526,marriages.website,premium,1293.95,2587.7,medium,low,9,spaceship,,,28/09/2026 18:09
0828a7e7-a643-4592-8699-67660bdec436,unpainted.website,available,0.98,20.98,medium,low,9,namecheap,,,12/09/2026 16:25
e01c04f5-926b-4591-851e-b6e7777a1af3,combined.website,available,0.98,20.98,high,low,8,namecheap,,,12/08/2026 18:36
2836887a-efd4-4e56-b180-00a9e46b105a,alleged.website,available,2.99,22.99,high,low,7,namesilo,,,22/09/2026 01:19
e4267d46-579a-4c39-8d57-40dba748ca8b,requested.website,available,2.99,22.99,high,low,9,namesilo,,,27/09/2026 12:02
00dace88-bae2-4b6d-b636-4949ead598cc,brambly.website,available,0.98,20.98,medium,low,7,namecheap,,,11/08/2026 01:59
058ca79a-a2a8-4e78-8508-0448cec181c3,fremantle.website,available,2.99,22.99,medium,low,9,namesilo,,,29/09/2026 23:48
7ae6a282-0e04-4fe9-93d5-ae0508eff469,teacher.website,premium,625,,high,low,7,name.com,,,30/09/2026 00:13
8626535e-31e1-4bd9-b460-cc987672007a,agricola.website,available,0.98,20.98,high,low,8,namecheap,,,17/09/2026 19:19
4600847c-2bd6-4a68-9ba3-26a41062465e,andersen.website,premium,302.5,302.5,high,low,8,namesilo,,,19/09/2026 04:01
c7f065b9-4bdf-4218-85be-78802d71fce4,carbonara.website,available,2.99,22.99,high,low,9,namesilo,,,24/09/2026 12:46
9308ceb7-d53e-4f16-8e5c-a2976e5b3409,trussed.website,available,0.98,20.98,medium,low,7,namecheap,,,11/09/2026 15:47
4a217624-11cc-4196-a1f7-4203ceb74ab0,encouraged.website,available,2.99,22.99,high,low,10,namesilo,,,23/09/2026 10:08
fc53f018-d3e0-4aae-820c-cd5019f471c8,smarmy.website,available,0.98,20.98,medium,low,6,namecheap,,,11/08/2026 11:46
d743fc6b-3603-4690-8ce3-6a7e4cb57b54,obnubilate.website,available,0.98,20.98,low,low,10,namecheap,,,03/09/2026 23:55
23c1d9f4-500a-4791-876e-7541df4c124f,mich.website,premium,162.5,325,high,low,4,namecheap,,,29/09/2026 14:29
0c2114e3-169e-4aa4-a266-653b374fb559,recruit.website,premium,,,high,low,7,,,,28/09/2026 14:02
77f6ea63-2106-4fad-bb89-7f4679b66574,knotted.website,available,0.98,20.98,medium,low,7,namecheap,,,20/08/2026 15:40
5d426d41-1d58-492c-b4dc-c7fc64e16271,vermont.website,premium,302.5,302.5,high,low,7,namesilo,,,28/09/2026 09:57
3039ffa7-618d-485f-ba2c-3ab143ce6a5d,scrunch.website,available,0.98,20.98,medium,low,7,namecheap,,,13/08/2026 07:18
918a152d-c223-4a00-b073-72ed70b5acca,bought.website,premium,156.25,,high,low,6,name.com,,,
bce6bcb4-4a76-4dbc-a229-63720353352b,wearable.website,available,0.98,20.98,high,low,8,namecheap,,,13/09/2026 08:58
ab01eaef-865e-4038-b7ef-27984d3c78a1,stevie.website,available,0.98,20.98,high,low,6,namecheap,,,28/09/2026 07:58
4623acff-2cb0-4fd8-b719-2dc099c62fa7,ping.website,premium,550,1100,high,high,4,dynadot,,,28/09/2026 20:11
a3f663d9-8f2e-4d47-b2a6-17b87cad39ea,honcho.website,available,0.98,20.98,high,low,6,namecheap,,,10/08/2026 20:40
87b55e8a-59de-463d-9f5e-fe2d980ce996,discontent.website,available,0.98,20.98,high,low,10,namecheap,,,14/08/2026 09:59
ff0e4934-4095-415b-a126-0bf09b833d08,varsity.website,premium,,,high,medium,7,,,,30/09/2026 01:38
8913ef57-6eea-4b8a-ac20-8375462b7210,demographic.website,available,1.18,20.84,high,low,11,spaceship,,,29/09/2026 14:24
6b96485c-cc9a-4070-8a74-16549eb9fce0,filaria.website,available,2.99,22.99,medium,low,7,namesilo,,,18/09/2026 06:14
0da70876-7325-4d18-b82a-8635924c19fd,pseud.website,available,0.98,20.98,medium,low,5,namecheap,,,09/09/2026 05:04
87f9f18f-a6e1-4e93-8f67-59c597200da3,cytherea.website,available,2.99,22.99,medium,low,8,namesilo,,,19/09/2026 17:16
be59a9c3-d0b2-4736-ac11-e147c0ef38df,tical.website,available,0.98,20.98,medium,low,5,namecheap,,,21/09/2026 18:48
16132d19-4c4b-4e82-a6e7-b15b3ef927ff,occidental.website,available,0.98,20.98,medium,low,10,namecheap,,,21/08/2026 07:25
2774c7f2-571c-4c29-b810-19ee1848c804,abaca.website,available,0.98,20.98,medium,low,5,namecheap,,,16/09/2026 13:44
a0acaca5-d601-44f5-a04a-9c2fe5b15b21,wow.website,premium,517.7,1035.2,high,medium,3,spaceship,,,29/09/2026 23:07
f762a203-75a6-4fb1-a5c0-ab4ae2323688,swaps.website,premium,650,1300,medium,low,5,namecheap,,,18/09/2026 22:39
a952b547-724d-4125-a9fb-f3731af1262d,sparse.website,available,0.98,20.98,high,medium,6,namecheap,,,10/09/2026 15:17
f8667d2e-b9aa-4ac7-87a2-8670b5be499a,barbeque.website,available,20.2,20.2,high,low,8,cloudflare,,,29/09/2026 01:07
6d2f05f9-de1c-4876-aea8-30e7c9fb84cc,beech.website,available,2.99,22.99,high,low,5,namesilo,,,23/09/2026 00:02
dba1fc6c-b023-45de-abae-5e561274bd9b,pocket.website,premium,1092.18,1092.18,high,medium,6,porkbun,,,28/09/2026 19:35
cc99a5de-29bd-4fb3-83dc-3956c12a45ec,reasonable.website,available,2.99,22.99,high,low,10,namesilo,,,24/09/2026 16:20
43e5df95-65ac-481f-8f35-900f7811e28b,org.website,available,,,high,medium,3,,,,
30c0a898-447e-4a2f-863f-c7dd22307ebd,anouilh.website,available,2.99,22.99,medium,low,7,namesilo,,,19/09/2026 11:52
9c51d58b-79ec-47fc-b484-163778da2d98,mutualist.website,available,0.98,20.98,high,low,9,namecheap,,,22/08/2026 07:59
ae9d9d1e-9a34-415b-8d73-c7c48a98c0cb,vampires.website,premium,258.95,517.7,medium,low,8,spaceship,,,28/09/2026 13:22
ff742e69-7ae7-4c0e-bfe2-ca7eedb6018d,seed.website,premium,517.7,1035.2,high,medium,4,spaceship,,,29/09/2026 10:21
c7fadb08-6ae2-435d-8b8f-499a9bc70ff8,middlebury.website,available,2.99,22.99,medium,low,10,namesilo,,,29/09/2026 15:53
a1474fc8-cd8d-4c99-b03c-eece0ebe3f86,clench.website,available,2.99,22.99,medium,low,6,namesilo,,,24/09/2026 15:33
22401d51-2b4c-4a24-a25c-809b3d5a440c,imbecile.website,available,0.98,20.98,medium,low,8,namecheap,,,21/08/2026 20:22
0f7cd5eb-2f6e-47b3-91b7-1a42d2639823,dresses.website,premium,650,1300,medium,low,7,namecheap,,,18/09/2026 07:11
067566c3-05e4-4cf8-a8ab-9c45c60a8578,requirements.website,premium,650,1300,medium,low,12,namecheap,,,17/09/2026 10:26
d829795f-b8da-4b1e-93bf-923a899913f4,exuberant.website,premium,156.25,312.5,high,low,9,name.com,,,14/08/2026 23:21
5c2bbb69-9993-47e3-8f5b-cdc22458102c,budding.website,available,0.98,20.98,high,low,7,namecheap,,,11/08/2026 07:42
b498e65e-5cc9-4805-a838-b81865263f38,bombed.website,available,1.18,20.84,medium,low,6,spaceship,,,28/09/2026 16:00
bf3e9e72-a2ab-4aa9-9374-e52644c8f21a,shorthand.website,available,0.98,20.98,high,medium,9,namecheap,,,10/09/2026 06:49
63169474-4f6e-4a95-a2e3-c15daba76f0c,assessment.website,available,1.18,20.84,high,low,10,spaceship,,,28/09/2026 06:37
8c9d9325-09ef-4bac-a8bf-d72f25be100f,tho.website,premium,62.5,,medium,low,3,name.com,,,
f91a50e0-6afd-4664-bf4d-2236f8bf7676,arco.website,resell,,,high,low,4,Dynadot Inc,04/02/2026 05:39,04/02/2027 23:59,26/09/2026 03:58
1eaadbe9-9589-4f3b-8fb6-f5341e250f3d,bow.website,premium,325,650,high,low,3,namecheap,,,23/09/2026 01:50
014a8fa7-3570-44c3-b897-a2b3105f1b25,uneventful.website,available,0.98,20.98,medium,low,10,namecheap,,,12/09/2026 09:21
e7cf005c-1f73-4e8f-8697-ca4209b8968b,lxxxv.website,available,0.98,20.98,medium,low,5,namecheap,,,
bdeba2e5-d2b4-40e4-b40f-8cdef29d4cf4,crested.website,available,0.98,20.98,high,low,7,namecheap,,,13/08/2026 06:20
df4e812b-4ec6-4e14-bea7-6c67514fcd75,pas.website,premium,546.35,546.35,high,low,3,porkbun,,,29/09/2026 01:49
b9c83d0d-a14e-4f06-ba52-78da9844455c,cockroach.website,available,2.99,22.99,medium,low,9,namesilo,,,24/09/2026 16:13
d70103de-7fbb-4112-b1a0-4d166cee2049,coverage.website,premium,51.95,103.7,high,low,8,spaceship,,,29/09/2026 11:52
6623f047-a39c-4359-afa9-87c909eefbc0,additions.website,available,2.99,22.99,medium,low,9,namesilo,,,18/09/2026 16:32
6ff9eacb-020d-4865-841f-4d054194d202,semicircular.website,available,2.99,22.99,medium,low,13,namesilo,,,29/09/2026 03:26
0c6eb5b8-85c9-4c55-964c-b63b831d97ac,commissioner.website,premium,650,1300,high,low,12,namecheap,,,27/09/2026 17:50
99af3548-cfa3-42ed-acb6-c018b42d2665,lying.website,available,1.96,21.11,high,low,5,porkbun,,,30/09/2026 03:38
1009a9a1-1489-45a4-b99e-574d47757d90,wheelchair.website,premium,129.58,258.95,high,low,10,spaceship,,,28/09/2026 11:05
10474e3f-cdc1-4fa1-82a3-bba2717501b9,balmoral.website,available,2.99,22.99,high,low,8,namesilo,,,21/09/2026 23:39
511b3b78-e09a-46f3-a5e8-083b8a58c9e7,nearby.website,available,0.98,20.98,high,low,6,namecheap,,,03/09/2026 14:32
ae4bc149-303f-4e06-a39e-8e635b6c846e,sliced.website,available,0.98,20.98,high,low,6,namecheap,,,23/09/2026 14:26
24351808-fa95-4661-807f-370727b37b1f,devoting.website,available,2.99,22.99,medium,low,8,namesilo,,,17/09/2026 17:04
b3f7e9b7-d62a-4540-bb23-a06496980147,pilgrimage.website,available,1.18,20.84,high,low,10,spaceship,,,29/09/2026 20:00
64e5072f-2adb-416e-971e-bead1f52ba3a,swedish.website,premium,156.25,312.5,high,low,7,name.com,,,11/09/2026 05:29
befeff9c-4001-4ebc-841c-91e74044fdaf,intuitive.website,resell,,,high,low,9,"GoDaddy.com, LLC",27/01/2026 16:59,27/01/2027 23:59,28/09/2026 06:01
605d27f4-f366-42f5-99b7-d2369f7aca16,feckless.website,available,0.98,20.98,medium,low,8,namecheap,,,18/08/2026 00:31
dffdd056-c246-432c-9994-7f323ee848be,carnival.website,premium,1107,1107,high,low,8,namesilo,,,24/09/2026 16:10
dfcf61fa-0687-4c2d-ab6d-c1db561d5231,witness.website,premium,116,116,high,low,7,namesilo,,,21/09/2026 01:35
6b9d381f-571e-4d7f-87b1-100bc05f45c7,walden.website,available,2.99,22.99,high,low,6,namesilo,,,27/09/2026 08:12
45402ce5-fa71-4082-b09d-e6b9e1b271d8,scoop.website,premium,1107,1107,high,low,5,namesilo,,,19/09/2026 16:31
273f5507-863f-4f6b-a83c-e4ba789e9b96,stripes.website,premium,1107,1107,high,low,7,namesilo,,,24/09/2026 14:23
f735e023-d15b-4143-a8c0-06415000d14e,spoof.website,premium,1107,1107,high,low,5,namesilo,,,23/09/2026 11:26
a847de03-63b4-4817-9fb6-a57507f3a411,nervous.website,available,2.99,22.99,medium,low,7,namesilo,,,21/09/2026 22:02
57e5e9bf-ce03-4a60-bb37-aea28bc04e6b,dawkins.website,available,20.2,20.2,medium,low,7,cloudflare,,,29/09/2026 15:39
0b6de55b-d181-470b-a791-384c91545803,armlet.website,available,2.99,22.99,medium,low,6,namesilo,,,20/09/2026 06:20
f6d6c4b7-0b00-4a00-8131-1384dadca4ab,eyetooth.website,available,0.98,20.98,medium,low,8,namecheap,,,11/08/2026 16:59
8d5bbba3-9bdc-4593-8220-9bc77f98e2ce,askew.website,available,,,medium,low,5,,,,
385b5d6a-68ac-4e3a-a519-1339e3dc3d6a,described.website,available,2.99,22.99,high,low,9,namesilo,,,24/09/2026 06:37
e31a0a79-8e46-41ba-b068-77ae5b8d7299,buffalo.website,premium,650,1300,high,low,7,namecheap,,,18/09/2026 19:11
bc5dfc62-643b-4a86-a4e7-01a3f0ad6bf2,islamabad.website,premium,129.58,258.95,medium,low,9,spaceship,,,29/09/2026 06:15
2fe4bf46-6c7c-47b7-9ef8-a7465eb131b9,pyramid.website,premium,650,1300,high,low,7,namecheap,,,08/09/2026 13:53
dd6850e6-2c13-4a80-9797-933762f2237b,barium.website,available,4.99,37.99,high,low,6,name.com,,,20/09/2026 23:19
d6d9397e-d3e7-4df7-80c4-655ba018541e,protein.website,premium,650,1300,high,low,7,namecheap,,,08/09/2026 08:51
86aa9111-78b7-4586-a273-eee233d17346,twinned.website,available,0.98,20.98,high,low,7,namecheap,,,24/08/2026 16:58
89ef6683-32b5-4dae-b7a2-f1cb724a47c5,insouciant.website,available,0.98,20.98,medium,low,10,namecheap,,,11/08/2026 20:34
5e438147-d989-48ae-b939-8ef016138165,roma.website,premium,312.5,625,high,low,4,name.com,,,10/08/2026 17:30
20c1b1b7-4801-420f-b8ad-f2adbe17f1f2,kate.website,premium,116,116,high,low,4,namesilo,,,25/09/2026 12:02
3544abea-e499-4150-9938-0596489c59b3,echoless.website,available,0.98,20.98,medium,low,8,namecheap,,,14/08/2026 23:38
339aedd5-6cb7-4544-a708-adab24e16375,toward.website,premium,156.25,,high,low,6,name.com,,,
12658300-ab08-47bf-92fd-ce195d509c2b,jockey.website,premium,1107,1107,high,low,6,namesilo,,,24/09/2026 14:26
59115261-0120-4ad7-9461-3172b7bdda6b,joey.website,premium,116,116,high,low,4,namesilo,,,25/09/2026 11:16
982c6b1e-0a56-4260-9cfe-c79dca955535,compassion.website,available,2.99,22.99,high,low,10,namesilo,,,24/09/2026 16:46
bc76b69d-5d88-4db1-b871-07a1b376e924,generated.website,available,2.99,22.99,medium,low,9,namesilo,,,19/09/2026 12:09
afb86b69-aabc-4ab6-8f91-98a1cba07b02,johnson.website,premium,116,116,high,low,7,namesilo,,,19/09/2026 04:46
912fe1c4-83ed-4ac7-a18b-6d97bb6d06e6,annoyance.website,available,,,high,low,9,,,,
bc6cb34d-1a9a-4ae5-9eac-2c92cd6c7196,idler.website,available,2.99,22.99,medium,low,5,namesilo,,,25/09/2026 11:02
c0c224ec-89c6-432f-b2d0-94e5e4df7b82,leasing.website,premium,650,1300,high,low,7,namecheap,,,
96b76507-d6a0-45cf-95f1-4014242ce022,pantie.website,available,0.98,20.98,medium,low,6,namecheap,,,09/09/2026 22:40
277bf026-7c78-4ee0-8ab5-2a24244026d3,diet.website,premium,1625,3250,high,low,4,namecheap,,,24/09/2026 22:16
7187fb14-0638-4865-a5a2-06634cc72ee8,encyclopedia.website,premium,1107,1107,high,low,12,namesilo,,,29/09/2026 10:09
01c537ca-e333-45eb-a21a-7d33893e37a9,indelibly.website,available,0.98,20.98,medium,low,9,namecheap,,,15/09/2026 07:53
b71a2f6b-fd83-4768-9d67-f636d551d3ed,scots.website,available,0.98,20.98,high,low,5,namecheap,,,09/09/2026 23:33
02832283-9168-4596-b373-fcecaf495d22,unclothed.website,available,0.98,20.98,medium,low,9,namecheap,,,12/09/2026 05:30
bc24840e-3da8-4d2e-b4a1-106c44ab2624,schismatic.website,available,0.98,20.98,medium,low,10,namecheap,,,09/09/2026 23:07
de8262f4-92f4-4cf9-9efe-a8387dd8ce85,nettle.website,available,2.99,22.99,high,low,6,namesilo,,,24/09/2026 22:02
101de228-7011-4abf-a401-8fa6b72b5820,apraxia.website,available,2.99,22.99,medium,low,7,namesilo,,,19/09/2026 22:29
436b2e02-38f6-4436-bfdd-85cb5ce8ef91,berry.website,premium,302.5,302.5,high,low,5,namesilo,,,23/09/2026 10:10
2b1efe87-0bf2-4370-bbec-3308c7ebb275,behavior.website,available,2.99,22.99,high,low,8,namesilo,,,23/09/2026 03:06
1b983628-a858-4e00-a50e-c3bfdee68dfb,defendant.website,available,2.99,22.99,medium,low,9,namesilo,,,27/09/2026 03:41
ac55e0cf-665c-4cd4-941d-a70d8eec317a,output.website,premium,258.95,517.7,high,low,6,spaceship,,,29/09/2026 06:46
8b517a65-d862-4e73-b882-b656527a30c1,fogged.website,available,0.98,20.98,medium,low,6,namecheap,,,18/08/2026 09:51
b7f138c4-c456-490a-be04-384ab9b15fb9,retiring.website,available,2.99,22.99,high,low,8,namesilo,,,27/09/2026 13:20
4decdb62-e187-4140-9ce9-cce62f0cda9d,sulky.website,available,0.98,20.98,medium,low,5,namecheap,,,20/08/2026 14:46
90f4c8e3-0642-4e10-abb8-c49720f78f7a,wistful.website,available,0.98,20.98,high,low,7,namecheap,,,13/09/2026 12:45
6803fbf8-9a85-46ea-b241-f22e30a8b6b0,petrograd.website,available,2.99,22.99,medium,low,9,namesilo,,,29/09/2026 01:34
cf73bfb7-0fd9-4af3-ac7d-8f87b88ff29b,loves.website,premium,625,1250,high,low,5,name.com,,,25/09/2026 18:55
f67e05ec-9911-47fd-a890-24823f53e751,frequencies.website,available,20.2,20.2,medium,low,11,cloudflare,,,29/09/2026 10:28
ff89a66d-1875-4e99-a886-ed0dae2e7928,spears.website,premium,,,medium,low,6,,,,29/09/2026 05:36
0e0af98f-5915-41a5-b61f-792020f7c28a,grandad.website,available,1.18,20.84,high,low,7,spaceship,,,29/09/2026 21:10
42a8a1ca-c415-4bc1-bbda-296a8a2dd25c,peers.website,premium,129.58,258.95,high,low,5,spaceship,,,29/09/2026 16:27
a5c70e6f-e778-4e46-a87c-f62e7e82f083,cope.website,available,0.98,20.98,high,low,4,namecheap,,,24/09/2026 18:08
081b0377-fff8-40cd-a20d-132b57d3ce2f,tis.website,premium,640,640,high,low,3,namesilo,,,29/09/2026 23:40
7171b683-4b15-4d14-9cd5-3c8e56900918,originated.website,available,1.18,20.84,medium,low,10,spaceship,,,29/09/2026 23:39
2f040000-0848-4928-9eef-03ba9eabe537,flukey.website,available,0.98,20.98,medium,low,6,namecheap,,,18/08/2026 09:20
022b2b35-55a6-4572-86cc-2fa748b64f33,clogging.website,available,0.98,20.98,medium,low,8,namecheap,,,12/08/2026 11:41
a2c79f94-6fd4-4ee3-b997-70658c8141df,informal.website,available,2.99,22.99,high,low,8,namesilo,,,25/09/2026 09:31
ace6cae0-494c-495f-94c8-013e331e9d97,markers.website,available,2.5,21.62,low,low,7,dynadot,,,29/09/2026 06:04
463f51c5-eba3-40a2-b18b-e78128628268,cracked.website,premium,1107,1107,high,low,7,namesilo,,,22/09/2026 01:30
d713faf1-bf96-4d57-acc3-e44797d1b6f3,qualitative.website,available,2.99,22.99,high,low,11,namesilo,,,
c299c24f-34c1-43c6-a025-958616272e3a,unbent.website,available,0.98,20.98,medium,low,6,namecheap,,,12/09/2026 01:50
6abf59a6-ff75-4d3a-9415-1d87f2ad896e,fulfilled.website,available,0.98,20.98,high,low,9,namecheap,,,18/08/2026 17:51
df99d39e-49bb-4ded-bdd3-7eff35898e56,uncurbed.website,available,0.98,20.98,medium,low,8,namecheap,,,12/09/2026 04:34
e01553dd-2757-4c1e-8c1d-1005b5216d6f,louisa.website,available,2.99,22.99,medium,low,6,namesilo,,,25/09/2026 14:44
df5de3f1-51e2-4ccb-a444-6ef12abbd1f8,macbeth.website,available,1.18,20.84,high,low,7,spaceship,,,29/09/2026 13:20
5abcafce-a170-405c-b6c9-eaaa88c8c8e2,expressed.website,available,0.98,20.98,high,low,9,namecheap,,,17/08/2026 18:26
f56b15c4-038f-418e-a256-438cfdbe3c4f,ivory.website,premium,65,130,high,low,5,namecheap,,,04/09/2026 01:20
b548ab1c-5027-480d-96a2-33c891ba0f7f,rsa.website,premium,517.7,1035.2,high,low,3,spaceship,,,29/09/2026 03:45
73ead033-c490-4e49-bb1f-11f8dedd33a8,unthinking.website,available,0.98,20.98,medium,low,10,namecheap,,,24/08/2026 11:16
9b4d7734-0bc5-45d0-a6e7-1e442ac38476,rot.website,premium,,,high,low,3,,,,28/09/2026 05:21
48b890dd-ac6a-4fac-bb47-06438c5c017c,iwo.website,premium,517.7,1035.2,high,low,3,spaceship,,,29/09/2026 19:21
13116932-1b58-42db-808b-b5a90d577367,slovenian.website,available,0.98,20.98,high,low,9,namecheap,,,10/09/2026 11:19
2369ba87-f8c8-4b17-b647-c47b7bf035cb,curd.website,available,0.98,20.98,high,low,4,namecheap,,,24/09/2026 20:24
689fca66-028a-42a5-a99e-82cff1fd4096,omega.website,premium,625,,high,high,5,name.com,,,
bb02bad2-ef7d-4bba-a37f-395e068e9ff5,gossip.website,premium,1107,1107,high,low,6,namesilo,,,24/09/2026 13:15
76083abd-8c4c-4344-b95a-73f95b84d99f,futile.website,available,2.99,22.99,medium,low,6,namesilo,,,22/09/2026 23:49
f0e749cf-2104-4797-b59e-9cb7f1b2f6a1,heliacal.website,available,0.98,20.98,medium,low,8,namecheap,,,21/08/2026 06:23
2472eddf-ccee-444b-972d-b6108c7e68fe,twee.website,available,4.99,37.99,high,low,4,name.com,,,13/08/2026 15:49
53691a14-3863-407b-bd6a-d7e7836d3818,xxxii.website,available,0.98,20.98,medium,low,5,namecheap,,,
473459c8-8e46-4f12-886e-2cabd48f3ede,exquisite.website,premium,156.25,312.5,high,low,9,name.com,,,17/08/2026 18:54
a6080ccb-295a-4fa4-b725-78db9bcfe506,humanistic.website,available,0.98,20.98,high,low,10,namecheap,,,21/08/2026 14:53
46dc851b-b8f0-402a-9619-065ca1f3a9b3,auckland.website,premium,302.5,302.5,high,low,8,namesilo,,,21/09/2026 02:39
02720b99-85bf-45c6-a479-eb67481d5589,dougherty.website,available,2.99,22.99,medium,low,9,namesilo,,,28/09/2026 23:48
5d622081-91bb-4a58-bb82-40d513571149,deftness.website,available,0.98,20.98,high,low,8,namecheap,,,17/09/2026 07:43
709c9695-eda6-4d51-9360-532a3a3a7e61,lust.website,premium,650,1300,high,low,4,namecheap,,,30/09/2026 02:38
62be39db-5136-45b7-9132-5f9d900cbc04,escapes.website,available,2.99,22.99,medium,low,7,namesilo,,,29/09/2026 05:18
ce458743-ca8c-429c-b622-1d2ddf189ffe,yid.website,premium,116,116,medium,low,3,namesilo,,,19/09/2026 16:18
acb7c1be-b8a4-47ab-b67c-468fa22f9b2a,supporting.website,available,0.99,39.99,high,low,10,godaddy,,,28/09/2026 02:02
196a35ac-677b-4cb6-b2f7-79ffaf1dc1ea,birds.website,premium,625,,high,low,5,name.com,,,
ca9a7cc9-5004-4a66-b54a-5bd90848a542,foster.website,premium,156.25,312.5,high,low,6,name.com,,,18/08/2026 13:22
6840681c-080e-416e-b48f-1062172b96c7,pepperidge.website,available,2.99,22.99,medium,low,10,namesilo,,,24/09/2026 00:49
0b3d00e3-d824-4117-bdfc-5c2e9ff9a629,heidelberg.website,available,2.99,22.99,high,low,10,namesilo,,,25/09/2026 16:09
2ce0df02-fe3e-4754-98d1-143f379f95cd,archly.website,available,0.98,20.98,medium,low,6,namecheap,,,13/09/2026 20:39
e699ccaa-d4bb-4a9a-9ca0-1b9cb7710e35,aloha.website,premium,302.5,302.5,high,low,5,namesilo,,,18/09/2026 13:08
6e02062f-f959-473f-b314-8435961203fa,amazed.website,available,2.99,22.99,high,low,6,namesilo,,,22/09/2026 03:33
6098fc06-6276-4c56-b885-14a7433e2cef,charles.website,premium,312.5,,high,medium,7,name.com,,,29/09/2026 07:30
c68ed9d1-54f2-4f87-892f-3eea2972198b,bandwidth.website,available,2.99,22.99,high,high,9,namesilo,,,22/09/2026 01:36
c5abe92e-e2ce-4e51-99c4-de74b65b50cc,himalayan.website,available,0.98,20.98,high,low,9,namecheap,,,21/08/2026 09:25
0c13d4ff-b901-4ff5-9a84-50fdeb52057b,ordeal.website,available,0.98,20.98,medium,low,6,namecheap,,,29/09/2026 07:47
0a881850-fb4c-4072-a43f-43be768e6f53,roll.website,premium,640,640,high,low,4,namesilo,,,27/09/2026 15:56
90c57c43-96ac-4f31-a20b-20b5e28d875c,adjuvant.website,available,0.98,20.98,high,low,8,namecheap,,,
2678ff97-d5d6-487a-b60b-140e3f695480,bombay.website,premium,137.5,275,medium,low,6,dynadot,,,29/09/2026 00:15
b52a58c2-5219-4571-adc0-5e0928713dbe,servers.website,premium,1625,3250,high,low,7,namecheap,,,29/09/2026 17:57
f925a73e-ad87-4533-bcba-652b823e9bac,smartness.website,available,0.98,20.98,high,low,9,namecheap,,,12/08/2026 04:49
a46d8721-6430-483b-846b-446f52294c55,equal.website,premium,162.5,325,high,low,5,namecheap,,,21/09/2026 18:27
80f12016-b572-40aa-8be8-a4fb7bbb8c05,cooper.website,premium,302.5,302.5,high,low,6,namesilo,,,22/09/2026 08:17
3f4f6f1d-faa0-43f8-8fa6-889790cbb14c,compactly.website,available,0.98,20.98,medium,low,9,namecheap,,,14/09/2026 07:35
db2d6d36-9c68-4285-ba04-9a539667e9ac,coplanar.website,available,0.98,20.98,medium,low,8,namecheap,,,13/08/2026 00:32
dc3414f0-ab8e-43f5-b785-11dd5e7bcafc,buying.website,premium,1293.95,2587.7,high,low,6,spaceship,,,29/09/2026 05:41
ae2ffbc4-c50c-4e24-a0e4-3d31ba0d759b,burmese.website,available,0.98,20.98,high,low,7,namecheap,,,11/08/2026 10:42
c1fe990b-05e2-4854-9173-833770ec6359,quavering.website,available,0.98,20.98,medium,low,9,namecheap,,,09/09/2026 07:44
204f6cfe-a1ff-467d-9b98-78527b60216e,preceding.website,available,2.99,22.99,medium,low,9,namesilo,,,
57510ea7-30be-492e-801e-5fde90d74fda,operating.website,premium,258.95,517.7,medium,low,9,spaceship,,,28/09/2026 08:05
7ea9ac7a-1755-48ed-b3f1-125054242223,fulton.website,available,2.99,22.99,high,low,6,namesilo,,,25/09/2026 06:12
3cfceba6-c3a2-4d55-8699-606f9b34d89e,asuncion.website,available,4.99,37.99,high,low,8,name.com,,,20/09/2026 18:23
b5d10d27-db2c-410b-8ac0-a020003de210,oversea.website,available,0.98,20.98,medium,low,7,namecheap,,,04/09/2026 21:46
fac8b0cc-f618-4e02-93fd-8d965cc7bad6,rudimentary.website,available,2.99,22.99,high,low,11,namesilo,,,
6f4044ec-cd91-44d4-99c5-d30c61390281,century.website,premium,312.5,625,high,low,7,name.com,,,
4724203b-69a1-46a9-9aff-cb724e084dc3,arrack.website,available,2.99,22.99,medium,low,6,namesilo,,,19/09/2026 23:47
24c2741a-2282-4e81-9f5b-f93f62fd80f5,clonal.website,available,0.98,20.98,medium,low,6,namecheap,,,12/08/2026 12:01
e34d091d-0a11-4515-a12b-ee65f48b1f45,matrix.website,premium,625,,high,medium,6,name.com,,,29/09/2026 21:35
e2856376-05c2-44c5-8de8-5737778c5aef,keeper.website,available,2.99,22.99,high,low,6,namesilo,,,24/09/2026 20:39
318ab10e-9169-4757-a141-9bb204bdeb57,rhomboid.website,available,0.98,20.98,medium,low,8,namecheap,,,09/09/2026 16:47
72d1fa23-ffb3-4987-bb52-916dfc8f8d70,uniformed.website,available,0.98,20.98,high,low,9,namecheap,,,12/09/2026 12:57
0995affd-76c4-4721-897c-fe951af9a0e8,breakfast.website,premium,650,1300,high,low,9,namecheap,,,04/09/2026 13:27
c17e0c62-0330-4825-be73-1022583ad04e,pithy.website,available,2.99,22.99,high,low,5,namesilo,,,19/09/2026 23:01
469f1e1d-6c97-4e19-b321-deeca7bfa105,dealers.website,premium,,,medium,low,7,,,,28/09/2026 09:08
655a3a93-2f9b-41ac-8f6b-eada22fdce98,confuse.website,available,2.99,22.99,high,low,7,namesilo,,,25/09/2026 09:06
b43629d0-5fe6-4b81-b3d8-b81aa5837f83,underfoot.website,available,2.99,22.99,medium,low,9,namesilo,,,16/09/2026 09:56
4e42fa3f-8f99-4297-a855-4162e3f6de77,raisable.website,available,0.98,20.98,high,medium,8,namecheap,,,09/09/2026 09:51
4ced58ae-1fd4-452c-9d1d-9752e28bcdeb,sentential.website,available,0.98,20.98,medium,low,10,namecheap,,,10/09/2026 03:50
10241dfb-78ac-4aee-bf81-9be851fa5d24,starring.website,available,1.18,20.84,medium,low,8,spaceship,,,28/09/2026 22:41
e931c6af-b52d-4c07-910c-fd79f1597ab3,streams.website,premium,,,medium,low,7,,,,29/09/2026 16:56
fa3c6077-4a41-44d9-b20d-c7cc14f908a3,psa.website,premium,650,1300,high,low,3,namecheap,,,28/09/2026 06:38
0143418f-730b-4a4c-9c45-79a61364e1e1,incessant.website,available,0.98,20.98,high,low,9,namecheap,,,11/08/2026 23:04
92bce4ee-0f1f-4bbc-9e61-39616b48c9d0,passports.website,premium,640,640,medium,low,9,namesilo,,,20/09/2026 09:52
e8911d63-3214-477c-9255-d68f71f96f2b,acheta.website,available,2.99,22.99,medium,low,6,namesilo,,,17/09/2026 00:33
90d8bb97-286f-4807-bc40-c0454a7e2241,nitric.website,available,0.98,20.98,medium,low,6,namecheap,,,08/08/2026 02:58
7034d547-7e73-4247-90c7-9fe32a6c195a,ordnance.website,premium,302.5,302.5,high,low,8,namesilo,,,20/09/2026 11:44
6f83d6b2-85ca-428c-8b7b-696df9d2f365,elective.website,available,0.98,20.98,high,low,8,namecheap,,,16/08/2026 02:33
51dc0925-24d8-4c2c-9401-3a483dffe7d8,aar.website,premium,325,650,medium,low,3,namecheap,,,16/09/2026 13:19
cb7e085b-7647-4212-82c4-c3d3b3bcd70f,stumps.website,premium,312.5,,high,low,6,name.com,,,
65d23b6d-f60f-4d2c-9907-edf0e0ae4ad5,pondering.website,available,0.98,20.98,high,low,9,namecheap,,,11/08/2026 06:01
4a1af68c-a8ac-4145-a3ee-6464026cc1d3,generosity.website,available,20.2,20.2,high,low,10,cloudflare,,,29/09/2026 01:04
fc463ba0-6608-4572-b405-45d36bc7e2c7,unsolved.website,available,0.98,20.98,medium,low,8,namecheap,,,12/09/2026 18:23
c5f304cc-92d8-4bfb-abb3-be748170499d,repetition.website,available,1.18,20.84,high,low,10,spaceship,,,30/09/2026 02:41
30631179-f60b-40ea-9e17-614162d87a94,clump.website,available,0.98,20.98,high,low,5,namecheap,,,11/09/2026 15:08
cb811bcf-b8a5-4626-8eaa-3ad1adf0e629,probable.website,available,2.99,22.99,high,low,8,namesilo,,,27/09/2026 06:59
b840911e-d5f7-4be3-816b-0eac2490f2d3,friedrich.website,available,0.98,20.98,high,low,9,namecheap,,,25/09/2026 18:50
cb285b14-5405-47a9-b13d-3f5c8d027804,recently.website,available,20.2,20.2,medium,low,8,cloudflare,,,28/09/2026 16:05
7cfb42e9-39db-4c68-882f-fa37036c7f5d,allows.website,available,1.18,20.84,low,low,6,spaceship,,,28/09/2026 08:44
62e98837-91c6-41cc-8460-14e2533ef75b,gentile.website,available,0.98,20.98,high,low,7,namecheap,,,18/08/2026 21:53
e3c4b5d9-af7f-42e5-9e0d-1cd22e963f03,committee.website,available,2.99,22.99,high,low,9,namesilo,,,29/09/2026 09:31
0ecb3fc8-ad13-4074-9c4f-567aac854c10,antenna.website,premium,640,640,high,low,7,namesilo,,,28/09/2026 21:39
d847dd69-af67-430d-b182-596268609489,sharper.website,available,2.5,21.62,high,low,7,dynadot,,,30/09/2026 00:58
5e272de6-8cfc-4768-b872-daa4169faaed,sinkable.website,available,0.98,20.98,high,medium,8,namecheap,,,10/09/2026 08:30
1ea1758c-6757-4553-b9fb-b696501ffe38,participated.website,available,2.99,22.99,medium,low,12,namesilo,,,29/09/2026 23:55
13831337-92c9-4331-b1b2-ac134bce6152,baudelaire.website,available,2.99,22.99,high,low,10,namesilo,,,22/09/2026 16:35
4a12bf8a-144d-40a2-a517-55b1d9a479e3,brushed.website,available,0.98,20.98,high,low,7,namecheap,,,11/08/2026 06:58
d2effe28-3191-43ca-ba35-cbb536f1de20,scatter.website,premium,55,110,high,low,7,dynadot,,,29/09/2026 08:02
782c87d0-6607-44b4-9bb5-454e84c20dde,jesuit.website,available,0.98,20.98,high,low,6,namecheap,,,22/08/2026 13:03
d6707df7-b00b-459f-ae76-c0f5a2928646,adroit.website,available,0.98,20.98,high,low,6,namecheap,,,21/09/2026 19:49
e05df0d1-04cb-46be-a36d-38c1f7a07361,mlb.website,premium,650,1300,high,medium,3,namecheap,,,29/09/2026 09:28
18693ef1-1796-447f-8669-71868d4ee179,dod.website,premium,,,high,low,3,,,,30/09/2026 01:18
4e8e3399-5d16-482d-9616-7a9ce4691eb3,piquant.website,available,0.98,20.98,medium,low,7,namecheap,,,17/08/2026 07:38
5a542f50-a371-450b-a629-08ebad2a559e,managerial.website,available,0.98,20.98,high,low,10,namecheap,,,24/08/2026 14:32
1436407d-6c78-42fc-9076-e5f3007cf456,casket.website,premium,325,650,high,low,6,namecheap,,,29/09/2026 07:36
a69f8bcc-b99c-46dc-a33d-6132438fcf62,decorative.website,available,0.98,20.98,high,low,10,namecheap,,,13/08/2026 02:51
5e5ce256-268c-46f0-9423-a31544400f4f,azygos.website,available,0.98,20.98,medium,low,6,namecheap,,,08/08/2026 03:32
3139e3f6-505e-45db-81d7-a0ecd6f8029e,mobile.website,premium,6500,13000,high,medium,6,namecheap,,,25/09/2026 21:00
b253e477-f0ff-4c60-9a1a-fd9118d5022c,adios.website,premium,640,640,high,low,5,namesilo,,,28/09/2026 18:36
27da9c9f-5771-4946-b91f-a6db3bfb9f24,grownup.website,available,0.98,20.98,high,low,7,namecheap,,,
0dacfc76-cb33-4090-9e44-7c4b79cbaada,furniture.website,premium,1625,3250,high,low,9,namecheap,,,20/09/2026 11:14
9ce8d26a-9f35-4238-8da2-26ed8bde6e63,fluky.website,available,0.98,20.98,medium,low,5,namecheap,,,18/08/2026 09:19
5d8878e8-7793-4f6e-b7d0-3f2e4fc117b0,cons.website,premium,62.5,,high,low,4,name.com,,,
f7dde72e-7518-460c-8940-d6851b2a9ad1,dishwasher.website,premium,640,640,high,low,10,namesilo,,,29/09/2026 15:53
5b1a495f-786d-47e8-998c-67d9f85087b8,seas.website,available,0.98,20.98,medium,low,4,namecheap,,,
0b5ba6c0-e03d-4947-9e7e-a1a0cf3573f8,limp.website,available,0.98,20.98,high,low,4,namecheap,,,23/08/2026 12:39
02908683-3486-4346-b148-693b2eb6248b,informing.website,available,20.2,20.2,high,low,9,cloudflare,,,30/09/2026 00:09
a63ac42c-7dc2-4deb-9af6-3fee528292af,primitive.website,available,2.99,22.99,high,low,9,namesilo,,,27/09/2026 05:47
0f45ac14-2874-4e66-880b-6bd4a1440ebd,acores.website,available,2.99,22.99,medium,low,6,namesilo,,,17/09/2026 02:16
f40b340a-d3d5-4361-99d4-81717e6802b2,mitt.website,available,2.99,22.99,medium,low,4,namesilo,,,22/09/2026 10:08
aac0f6e1-0bfe-4ba8-916b-d94161baac54,ruinous.website,available,0.98,20.98,medium,low,7,namecheap,,,10/08/2026 13:28
c63882ac-743a-42b2-880c-2f2f379a7156,diazo.website,available,0.98,20.98,medium,low,5,namecheap,,,14/08/2026 06:23
b46825c5-199a-49d1-b111-dd24a9aff25b,antenatal.website,available,2.99,22.99,high,low,9,namesilo,,,22/09/2026 05:59
43cb6254-aca6-4259-bc29-e2276b72e31d,rustproof.website,available,0.98,20.98,high,low,9,namecheap,,,09/09/2026 20:21
ca11c680-605a-4264-9efa-e4702d5f0f97,whenever.website,available,2.99,22.99,medium,low,8,namesilo,,,
dc65bc14-75f8-4d4c-8c32-4472b6e3bfcf,nonpareil.website,available,0.98,20.98,high,low,9,namecheap,,,24/08/2026 17:02
2fccd41f-74fc-4e8a-9739-e9e5f0cb3165,jawed.website,available,0.98,20.98,medium,low,5,namecheap,,,22/08/2026 12:32
40cf6750-dcb5-44f6-9300-33b14c6d8848,salutary.website,available,0.98,20.98,high,medium,8,namecheap,,,09/09/2026 21:00
6a648054-2495-48b1-b50a-238bc883c255,aiglet.website,available,0.98,20.98,medium,low,6,namecheap,,,17/09/2026 18:23
6dabc5f6-75f4-4289-9470-100ca11af2fe,ooze.website,available,0.98,20.98,high,low,4,namecheap,,,04/09/2026 15:40
2062b767-fee2-4784-a5cf-e0e8d69266b7,frontward.website,available,0.98,20.98,medium,low,9,namecheap,,,18/08/2026 12:50
aa0a5ae9-2cf2-41f0-9398-048c419caf63,resect.website,available,0.98,20.98,medium,low,6,namecheap,,,17/08/2026 15:12
26cc0b12-b208-408e-b475-c68b319f2520,murderer.website,available,2.99,22.99,medium,low,8,namesilo,,,25/09/2026 08:59
37b4aadd-e4da-4c77-ad40-ad97212d7ccf,internationally.website,available,2.99,22.99,medium,low,15,namesilo,,,
93bd99ab-726d-42a4-bebb-32aecab77b27,short.website,premium,1107,1107,high,medium,5,namesilo,,,24/09/2026 04:44
0523c1ed-ef2b-4e08-a92c-2c0360a1cb0d,vulcan.website,available,0.98,20.98,high,low,6,namecheap,,,29/09/2026 20:36
4839fc54-33bb-4280-9202-2ad649e84bd4,sharing.website,premium,6900,6900,high,low,7,namesilo,,,27/09/2026 20:29
e8484eab-10dc-48ae-81ae-0e02db79217a,necks.website,available,2.99,22.99,medium,low,5,namesilo,,,19/09/2026 20:42
cfa9dff1-8639-4e36-aa56-ddc9fb813ec4,monegasque.website,available,0.98,20.98,medium,low,10,namecheap,,,25/08/2026 04:03
ed00ee35-6e54-480e-b19c-bceff61e0890,rumors.website,available,2.99,22.99,medium,low,6,namesilo,,,27/09/2026 09:37
0a9be3db-01a9-4ff4-b57d-09a3b8410dba,fragmental.website,available,0.98,20.98,medium,low,10,namecheap,,,18/08/2026 14:01
a7f54391-2ec9-4719-82c8-383e01f33b60,jutting.website,available,0.98,20.98,medium,low,7,namecheap,,,22/08/2026 14:44
decf3dcf-6c98-439d-a8fb-49c6eb3a9ec8,airhead.website,available,0.98,20.98,high,low,7,namecheap,,,17/09/2026 23:11
2992033c-a0dd-4970-9b84-fb00df8fc019,monsieur.website,available,2.99,22.99,high,low,8,namesilo,,,29/09/2026 13:30
2a62b4f9-8103-4045-8f7c-fa2f9efd78be,isothermal.website,available,0.98,20.98,medium,low,10,namecheap,,,22/08/2026 11:22
89e9c9a2-8daf-481d-96df-1750aa68f087,eagerness.website,available,2.99,22.99,high,low,9,namesilo,,,21/09/2026 09:28
e5304245-6433-4e63-89a2-3c9af651cd20,aftercare.website,available,2.99,22.99,high,low,9,namesilo,,,17/09/2026 15:35
ca5c3300-eb48-4f4f-a749-431267e2e734,lawson.website,premium,302.5,302.5,high,low,6,namesilo,,,25/09/2026 12:31
31397031-3f5e-4aee-8894-182b3238aa2d,unsocial.website,available,0.98,20.98,medium,low,8,namecheap,,,12/09/2026 20:11
2e31ed1d-2bde-4cd6-9b6f-b46ec6b506b8,sequential.website,available,0.98,20.98,high,low,10,namecheap,,,10/09/2026 04:27
e879a0eb-c1c1-4f90-bce2-f75c93811746,auburn.website,premium,302.5,302.5,high,low,6,namesilo,,,22/09/2026 12:02
b7460f3a-4cbc-4569-af7b-bc643ae1b222,palatine.website,available,0.98,20.98,medium,low,8,namecheap,,,04/09/2026 23:20
290d15fd-e53c-4103-a7a9-4ccc0bd58810,euler.website,available,1.18,20.84,high,low,5,spaceship,,,28/09/2026 05:39
e8438f51-acc0-47c4-834f-9d5911bfd89a,unflawed.website,available,0.98,20.98,high,low,8,namecheap,,,18/08/2026 07:21
54e47928-09d4-40e2-859f-1ddfd09c8acd,caparison.website,available,2.99,22.99,medium,low,9,namesilo,,,22/09/2026 05:11
d7bbea98-f49a-4a23-9627-20bb4f3ff5f0,singular.website,premium,625,1250,high,low,8,name.com,,,13/08/2026 11:18
ee49d112-7781-43d8-9764-e41d7a5c3dc4,ugh.website,premium,156.25,,medium,low,3,name.com,,,
4c59293d-601a-4940-9637-d14c3fb619ce,bees.website,premium,650,1300,high,low,4,namecheap,,,18/09/2026 21:40
9a772185-a3e0-4fd5-8c9c-0522c5a84391,optative.website,available,0.98,20.98,medium,low,8,namecheap,,,04/09/2026 16:54
925911eb-083d-4d23-a8cb-a71a069db3f9,standon.website,available,2.99,22.99,medium,low,8,namesilo,,,
9266f1b3-d388-4be2-bc51-c28c8dcb6bcd,dud.website,premium,156.25,312.5,high,low,3,name.com,,,14/08/2026 20:55
52804f7d-49f2-4e35-9580-dcc91b62368a,credibility.website,available,20.2,20.2,high,low,11,cloudflare,,,28/09/2026 12:34
d1138499-1801-4259-9ad7-d474cc583faa,genes.website,premium,550,1100,medium,low,5,dynadot,,,28/09/2026 07:05
fb8a13bc-6162-4887-b2ab-2da6a18baf2d,sedulous.website,available,0.98,20.98,medium,low,8,namecheap,,,07/08/2026 06:14
5ff7c2b2-6580-4f6c-8e1d-692a7882a8bd,aves.website,available,2.99,22.99,high,low,4,namesilo,,,21/09/2026 09:17
eba15b2c-db0a-41df-b668-e3d5125fe9ca,geriatric.website,available,0.98,20.98,medium,low,9,namecheap,,,18/08/2026 22:42
4712b1f1-e15a-4952-a9cd-19253ddadce3,seamless.website,premium,312.5,625,high,low,8,name.com,,,10/09/2026 00:47
6c86671e-c3e8-4a93-8754-37bbebf245ec,tolerably.website,available,0.98,20.98,high,medium,9,namecheap,,,10/09/2026 12:56
82bfec9d-b4e4-43d9-a6f4-fb324c41c1ca,advisory.website,premium,312.5,625,high,low,8,name.com,,,
6f2a1057-74c4-478d-8f63-e1abd08e0a89,bendable.website,available,0.98,20.98,medium,low,8,namecheap,,,09/08/2026 14:07
366365bf-a0d6-4f70-9650-b9fbaaa30dfc,packer.website,premium,1107,1107,high,low,6,namesilo,,,21/09/2026 15:45
412bcfa4-ca0b-4190-9933-cc147a231340,braless.website,available,0.98,20.98,low,low,7,namecheap,,,08/08/2026 18:29
4b07a393-0100-4ac4-b786-fdbc33362ce0,wiccan.website,available,0.98,20.98,high,low,6,namecheap,,,13/09/2026 11:46
8e6f8b3f-28b7-4196-a2df-49a988e6fd98,privacy.website,premium,625,1250,high,medium,7,name.com,,,24/09/2026 17:03
e4d4de1c-cb3a-4fb2-bb29-065ef21cade6,demoralize.website,available,0.98,20.98,medium,low,10,namecheap,,,13/08/2026 02:16
13a30d8f-18d4-4b55-be2a-a35698d2cac1,aides.website,available,0.98,20.98,high,low,5,namecheap,,,17/09/2026 20:51
353aee2e-a67e-4360-8362-94535366ea5b,cardigan.website,available,2.99,22.99,high,low,8,namesilo,,,24/09/2026 12:52
a37d72f1-daa5-4da7-a481-0d8bd1e40a55,establish.website,available,0.98,20.98,high,low,9,namecheap,,,22/09/2026 17:35
cafdec5b-576f-4706-9dd1-2065753a615f,apparition.website,available,0.98,20.98,high,low,10,namecheap,,,08/09/2026 18:34
82e09ab9-4c6a-4789-a35c-6ca2973abe73,greetings.website,premium,156.25,,high,low,9,name.com,,,
8bb73a04-b645-4060-bdda-70ebc5fefe7b,foppish.website,available,4.99,37.99,medium,low,7,name.com,,,13/08/2026 17:05
b019ab2c-ecc7-436f-9e7e-82b1f5bfbe6f,genius.website,premium,1107,1107,high,medium,6,namesilo,,,21/09/2026 17:41
0b57f395-ce74-4bc2-a283-02b05c8d1712,planet.website,premium,1107,1107,high,medium,6,namesilo,,,25/09/2026 23:31
d19a50dd-3dc6-4998-baa5-bec635ecc5f3,gamely.website,available,0.98,20.98,medium,low,6,namecheap,,,14/09/2026 21:02
178e63d0-4e32-4e4d-81a3-92b3747cf5a2,intervals.website,available,20.2,20.2,medium,low,9,cloudflare,,,29/09/2026 23:54
00a2ccc3-fe22-4809-b9cd-05303edf9811,ecologic.website,available,0.98,20.98,high,low,8,namecheap,,,10/08/2026 02:32
c1a8b456-a47f-4f97-9f4b-4feb0dbb91f8,faults.website,available,20.2,20.2,low,low,6,cloudflare,,,29/09/2026 11:04
3d29360f-3991-4ebe-8367-ae16a2de7bdb,didrikson.website,available,2.99,22.99,medium,low,9,namesilo,,,21/09/2026 12:34
3c2ae4a5-e708-4eac-91be-05b6ed6d68e6,warmth.website,available,1.18,20.84,high,low,6,spaceship,,,28/09/2026 11:06
fbe1faa9-ca6f-4aba-9441-84b700c36fcb,apnoeic.website,available,0.98,20.98,medium,low,7,namecheap,,,06/08/2026 00:46
e1d709f2-b2b7-4c1a-af61-78c4d15e9755,maureen.website,available,1.96,21.11,medium,low,7,porkbun,,,27/09/2026 19:11
c0497e9e-c588-4a1c-b63f-4aece50e528e,eloquent.website,available,0.98,20.98,high,low,8,namecheap,,,16/08/2026 06:14
3e5fbccd-ce98-471d-b8bc-777156217c8e,anorexic.website,available,0.98,20.98,medium,low,8,namecheap,,,
78e61cb2-c083-4695-b160-b2c6ffbd3b61,cleave.website,available,2.99,22.99,medium,low,6,namesilo,,,24/09/2026 15:43
034226a8-20f7-4df1-a7fe-b21845919507,birthrate.website,available,0.98,20.98,medium,low,9,namecheap,,,23/09/2026 20:56
b1de4905-461b-423f-be85-e1bcefece440,nba.website,resell,,,high,high,3,,,,27/09/2026 18:32
882f10e6-1f3d-422d-8d89-ab70fcfbc7d3,neighbor.website,available,2.99,22.99,high,low,8,namesilo,,,
82115303-2479-4f84-9049-0ad8f9e248dc,cuteness.website,available,2.99,22.99,high,low,8,namesilo,,,24/09/2026 20:43
34734c77-4b78-43f6-bbcc-1bc76ad463ee,bargee.website,available,2.99,22.99,medium,low,6,namesilo,,,22/09/2026 05:47
e32ec0ae-ff07-441a-b18d-ecd1511cc119,laminar.website,available,0.98,20.98,high,low,7,namecheap,,,22/08/2026 19:07
162c8736-93bc-467c-8571-ed7a7c8d1b21,pointing.website,available,2.99,22.99,high,low,8,namesilo,,,27/09/2026 08:31
8c7cbc78-776d-43e9-b6fe-46c3810bb5c9,unsigned.website,available,0.98,20.98,high,low,8,namecheap,,,12/09/2026 19:55
8dbd11fb-4849-495f-9833-23f5e4980738,grouse.website,available,2.99,22.99,high,low,6,namesilo,,,23/09/2026 00:24
b1d7a4de-bfb9-4b5e-963e-9a18be3e9533,monterey.website,premium,258.95,517.7,high,low,8,spaceship,,,30/09/2026 02:19
84912489-4190-41e9-a6e0-d8d5ddf9d865,shadowy.website,available,0.98,20.98,medium,low,7,namecheap,,,10/09/2026 05:28
936d3827-b53e-4fc3-a582-900518866827,unimodal.website,available,0.98,20.98,medium,low,8,namecheap,,,12/09/2026 13:07
699f53a9-f3d5-4a2d-ab33-234e327cb8ab,ortega.website,premium,51.95,103.7,medium,low,6,spaceship,,,28/09/2026 05:29
488009d9-17f8-4bdc-ba50-fb91dacf0d64,nafud.website,available,0.98,20.98,medium,low,5,namecheap,,,19/09/2026 00:44
3ef057e8-30f0-4652-a9c3-522479018b51,wry.website,premium,156.25,312.5,high,low,3,name.com,,,22/08/2026 10:08
b8f2751c-981c-420f-b43e-0fd1b60e4ed1,pulseless.website,available,0.98,20.98,high,medium,9,namecheap,,,09/09/2026 05:58
dad374ef-5317-432b-82ae-35caa55b6907,tries.website,available,0.98,20.98,medium,low,5,namecheap,,,25/09/2026 19:53
d4cd01ee-9b59-4a0b-a0ca-7cdcc64fff0e,adaptative.website,available,2.99,22.99,high,low,10,namesilo,,,21/09/2026 16:59
3cb17494-d745-433d-b452-5182c8a17642,absurdly.website,available,0.98,20.98,medium,low,8,namecheap,,,13/09/2026 16:46
e4f3b0e2-90aa-4984-99e5-fbebe2fd8472,justified.website,available,2.99,22.99,high,low,9,namesilo,,,25/09/2026 12:26
0c4d86ce-50f8-4726-982e-fb6dc4344dbd,madrid.website,premium,517.7,1035.2,high,low,6,spaceship,,,29/09/2026 06:59
26b906d7-1b4f-49d0-ba88-9539cd491219,returned.website,available,2.99,22.99,high,low,8,namesilo,,,
289e654e-c3a5-4b63-b490-41f236a0e8cd,amanita.website,available,2.99,22.99,medium,low,7,namesilo,,,18/09/2026 15:43
c6002259-0bdb-47b2-bee4-7c169c696ee4,coleman.website,premium,640,640,high,low,7,namesilo,,,25/09/2026 15:48
0b9262e8-9bf8-499a-b37e-c3faa03bb64f,hwy.website,premium,116,116,medium,low,3,namesilo,,,29/09/2026 05:03
ff6ca783-17b9-45a9-87bc-26b832c6fe5f,really.website,premium,1107,1107,high,low,6,namesilo,,,27/09/2026 09:55
85977813-25db-4d13-8040-cd8867ae9d77,hanna.website,premium,302.5,302.5,medium,low,5,namesilo,,,28/09/2026 07:49
9971c85f-1bfe-49ea-b3b7-bb4d984319ad,moneron.website,available,0.98,20.98,medium,low,7,namecheap,,,25/08/2026 04:30
c451ea62-bcf1-48ec-8db4-5a3eca912c2e,fatigued.website,available,0.98,20.98,medium,low,8,namecheap,,,14/08/2026 14:49
fe84ea71-bf72-4883-bd1d-19f477e4f28a,benghazi.website,available,2.99,22.99,medium,low,8,namesilo,,,23/09/2026 08:04
754fcbe7-ad09-499f-91c8-8c02941a87da,homes.website,premium,6500,13000,high,low,5,namecheap,,,20/09/2026 18:09
ee06a65a-8cee-4a2d-9c85-81285a109f7c,acorea.website,available,2.99,22.99,medium,low,6,namesilo,,,17/09/2026 02:12
870e6490-b6b8-4263-a68f-b90f1737f80b,gunpowder.website,available,1.96,21.11,high,low,9,porkbun,,,29/09/2026 12:59
e778e0da-1ab8-4702-8c37-67123989a5a6,pocketable.website,available,0.98,20.98,medium,low,10,namecheap,,,08/09/2026 22:20
f8666fb5-abb4-4925-a625-8be8253e0f6a,brushes.website,premium,129.58,258.95,high,low,7,spaceship,,,30/09/2026 00:37
2533e739-a229-4e7a-83e7-b20a5396a5fd,curtains.website,premium,640,640,medium,low,8,namesilo,,,28/09/2026 23:24
997abfa2-4b1f-4c88-a8db-4a668d639460,monument.website,premium,640,640,high,low,8,namesilo,,,28/09/2026 14:54
5f8e5053-a5f3-4e9c-9aeb-a32c19aef843,cloaks.website,available,2.99,22.99,medium,low,6,namesilo,,,17/09/2026 14:28
e36f723d-1225-49ea-8c6f-f9ff7f6fd6fd,trucks.website,premium,517.7,1035.2,high,low,6,spaceship,,,29/09/2026 08:57
31fd9eea-c69c-494b-be35-868dac288e5f,gladsome.website,available,0.98,20.98,high,low,8,namecheap,,,19/08/2026 00:13
411c2454-d8f3-4e1f-a70b-428c5831cf6e,jury.website,premium,65,130,high,low,4,namecheap,,,25/09/2026 08:06
fe889a1d-54f9-49ac-9795-19321894964a,icebound.website,available,0.98,20.98,medium,low,8,namecheap,,,21/08/2026 17:43
35b710a7-7782-4a4d-ac30-461ffe6ff405,although.website,available,2.99,22.99,medium,low,8,namesilo,,,
001d267c-e747-403d-8e91-c12e833ef02c,ingredient.website,available,2.99,22.99,high,low,10,namesilo,,,24/09/2026 16:51
dcd950ee-8379-41fd-93fb-6df85d182d56,asdic.website,available,0.98,20.98,medium,low,5,namecheap,,,20/09/2026 13:30
ebe9a11a-afe2-44d8-90af-4fe46190eda5,old.website,premium,1107,1107,high,low,3,namesilo,,,24/09/2026 15:09
354e5c0b-b387-4a75-8566-c82f7663099d,mandioca.website,available,2.99,22.99,medium,low,8,namesilo,,,23/09/2026 22:54
be3d066b-c30e-4c18-87b8-4bd489e86c9a,unfilmed.website,available,0.98,20.98,medium,low,8,namecheap,,,12/09/2026 10:14
881083d3-fe0f-46ba-8c45-268ff16a33ba,dayton.website,premium,,,high,low,6,,,,30/09/2026 01:15
567156a3-2c9b-4174-aa22-eab072d13d33,appanage.website,available,2.99,22.99,medium,low,8,namesilo,,,19/09/2026 16:11
1771facd-1bf7-460a-a608-b0ea73f18b77,equipt.website,available,0.98,20.98,high,low,6,namecheap,,,17/08/2026 11:53
7fcde7fc-f4b0-4b77-bfee-7cb5c9ef324f,gabonese.website,available,0.98,20.98,medium,low,8,namecheap,,,18/08/2026 19:24
df9d732f-502c-41f3-bedf-af2ca176b50c,trafalgar.website,available,2.99,22.99,medium,low,9,namesilo,,,22/09/2026 16:10
aaac017f-738b-46aa-9079-b0383ed65f38,ann.website,premium,625,,high,low,3,name.com,,,
1e6beaaa-80ae-43ef-bce6-fd8833772f16,wig.website,premium,1562.5,,high,low,3,name.com,,,
1dd5f380-b966-4fda-a2cc-481eec55a6b6,cancer.website,premium,1107,1107,high,medium,6,namesilo,,,29/09/2026 06:28
770dafda-e07a-44b5-90ff-bb50b6100891,exactly.website,available,2.99,22.99,high,low,7,namesilo,,,26/09/2026 00:15
291d9310-03bd-435a-b8af-99ad40f6a8ef,syndetic.website,available,0.98,20.98,medium,low,8,namecheap,,,11/09/2026 06:23
29c6d25c-1f55-42b4-8658-fa39c954d289,terminated.website,available,2.99,22.99,high,low,10,namesilo,,,19/09/2026 16:25
7d132fec-3eb3-49c0-898e-b61e6ff6a854,arrester.website,available,0.98,20.98,medium,low,8,namecheap,,,20/09/2026 09:09
d621b845-1508-4c81-b9b1-67e87e63b162,shapes.website,premium,546.35,546.35,high,low,6,porkbun,,,29/09/2026 11:12
1c081067-f597-4aaf-b28e-5e975c364787,teammate.website,available,4.99,,high,low,8,name.com,,,
604e93f0-0ec4-41ac-ab8b-d9fcb8e0d6d0,unmerited.website,available,0.98,20.98,medium,low,9,namecheap,,,12/09/2026 15:37
e6881151-1c57-4864-a785-fad0ff989d5a,aphrodite.website,premium,325,650,high,low,9,namecheap,,,19/09/2026 17:15
413bb983-70e1-41f0-94a0-7d69ab43198f,penitent.website,available,0.98,20.98,medium,low,8,namecheap,,,08/09/2026 14:30
d6557455-b1ad-40f2-b206-8b213b34b7ba,antlia.website,available,2.99,22.99,medium,low,6,namesilo,,,19/09/2026 15:21
ebea2089-3396-49a7-801c-f2fec2075fdd,battledore.website,available,0.98,20.98,medium,low,10,namecheap,,,21/09/2026 17:16
221a1e32-dfab-49e3-abd3-43bc15235b5d,lng.website,premium,640,640,high,low,3,namesilo,,,28/09/2026 13:00
0fa3352b-912d-417f-8258-ee6ac2a8121e,phyllodial.website,available,0.98,20.98,high,medium,10,namecheap,,,08/09/2026 19:25
913060ee-e451-4c09-a641-d589649600df,philippine.website,premium,312.5,625,high,low,10,name.com,,,18/08/2026 04:21
821de61c-bcad-4d4d-838a-4f6e43367e46,smoldering.website,available,0.98,20.98,medium,low,10,namecheap,,,10/09/2026 12:01
efd793f0-e5c4-4b12-acc1-2c3fa4e90bd6,deaf.website,premium,62.5,125,high,low,4,name.com,,,13/08/2026 19:42
ba988d57-9ad7-4211-be51-d65fb56ff146,pipe.website,premium,275,550,high,low,4,dynadot,,,27/09/2026 21:32
5f6f980e-357b-4db4-ac3f-51c2fc99f819,pantry.website,premium,625,1250,high,low,6,name.com,,,11/08/2026 11:54
289e1e7d-ad66-4dec-b5a4-9b49e492e00f,posture.website,available,2.99,22.99,high,low,7,namesilo,,,28/09/2026 08:17
747f4d72-099e-4835-89d9-a45d78a0d477,allie.website,available,0.98,20.98,high,low,5,namecheap,,,17/09/2026 22:42
c2206c50-53e4-4160-9b28-dd8afe243a35,entirely.website,available,0.98,20.98,high,low,8,namecheap,,,
951eeb14-7397-42bf-9c5d-45564dd28015,bead.website,premium,312.5,,high,low,4,name.com,,,29/09/2026 01:38
3878ec0c-213f-40c5-b26d-019d86a6352e,tacitus.website,available,1.18,20.84,high,low,7,spaceship,,,29/09/2026 07:01
b3b23ed5-32f4-4ed4-9d90-6149cfad4639,burned.website,available,0.98,20.98,medium,low,6,namecheap,,,23/09/2026 11:37
c11b2e31-fa6b-40d5-b374-ced34d6d1bcb,refreshing.website,available,0.98,20.98,high,low,10,namecheap,,,11/08/2026 00:37
f36254ec-d9f3-4b81-a075-bdbe84d40dde,front.website,resell,,,high,low,5,"NameCheap, Inc.",19/12/2025 18:03,19/12/2026 23:59,26/09/2026 06:16
e3020e96-fef0-4c47-b5b7-d50eda360936,priceless.website,premium,162.5,325,high,medium,9,namecheap,,,25/09/2026 11:03
b18b8c80-d687-4061-bc84-31fd337f1cd6,silkily.website,available,0.98,20.98,medium,low,7,namecheap,,,16/09/2026 01:51
8000639c-7ca0-48d1-898f-deb291424a5b,evidence.website,premium,62.5,125,high,low,8,name.com,,,24/08/2026 15:05
84717f56-256a-483d-ad9a-1bbe8c66b9ad,comedian.website,premium,1107,1107,high,low,8,namesilo,,,23/09/2026 15:26
65b3eaff-01d2-4d25-9edf-552aa2ad45fd,ware.website,premium,65,130,high,low,4,namecheap,,,29/09/2026 19:40
a496693c-23c2-4847-b52a-5bd3aea0c1b9,abstinent.website,available,0.98,20.98,high,low,9,namecheap,,,
5817c016-dd24-4769-9396-103ad16cda33,employees.website,premium,640,640,medium,low,9,namesilo,,,27/09/2026 02:50
7847ec5c-41d2-494e-ab08-8cef02243963,ominous.website,available,0.98,20.98,medium,low,7,namecheap,,,24/08/2026 20:00
637d949d-b6b0-4330-9ea8-fa9e74b43f0c,ruptured.website,available,1.18,20.84,medium,low,8,spaceship,,,29/09/2026 16:06
01e8d04c-f8f1-46d1-b078-41f801e30288,purpose.website,premium,640,640,high,low,7,namesilo,,,25/09/2026 09:59
5bf69cf1-5b88-433b-80ec-c1977a8a0a13,fetid.website,available,0.98,20.98,medium,low,5,namecheap,,,18/08/2026 02:24
5a33c8e8-ec5a-41de-9841-632847293759,actias.website,available,2.99,22.99,medium,low,6,namesilo,,,17/09/2026 04:29
eb4f3473-090f-4a3f-8365-aa04508d4efd,sakharov.website,available,0.98,20.98,medium,low,8,namecheap,,,19/09/2026 04:30
f2513f05-5577-4ead-96c8-651e882a433a,insult.website,available,2.99,22.99,high,low,6,namesilo,,,17/09/2026 14:53
d00a5b42-4ac9-4d58-9068-5df427e79e7a,taunting.website,available,0.98,20.98,medium,low,8,namecheap,,,14/08/2026 02:54
8b58d19b-70c0-455d-b4c8-1f4454501d43,rosebush.website,available,0.98,20.98,high,medium,8,namecheap,,,09/09/2026 18:41
2a1e95d0-9e3c-41a2-966b-5903bd804cf7,nagoya.website,premium,129.58,258.95,medium,low,6,spaceship,,,28/09/2026 10:28
c77fb397-907d-4a61-a423-e773b479a32f,nuts.website,premium,1107,1107,high,low,4,namesilo,,,22/09/2026 08:20
f21e723e-5e1d-4618-8137-94d06c3b95b9,preaching.website,premium,116,116,high,low,9,namesilo,,,28/09/2026 15:06
1a4adccf-c510-4a19-a310-884ca988e3b3,irritable.website,available,2.99,22.99,medium,low,9,namesilo,,,25/09/2026 11:30
3e4c9961-49a0-41ba-8e64-9fdfde71c960,fla.website,premium,625,,high,low,3,name.com,,,
abacb15c-cce0-4c48-9358-21e37f15e690,arum.website,available,0.98,20.98,medium,low,4,namecheap,,,06/08/2026 20:20
7ac38ac2-cd22-4904-b355-3698987b9b31,pyemic.website,available,0.98,20.98,high,medium,6,namecheap,,,09/09/2026 06:48
25a5b9ed-e534-4210-b8ec-279c947a680b,monarchal.website,available,0.98,20.98,medium,low,9,namecheap,,,25/08/2026 04:07
d5e37b82-164c-4b2b-ac22-ab6fe6623a8a,wasteland.website,available,0.98,20.98,medium,low,9,namecheap,,,08/08/2026 21:11
3aa08aeb-7dfc-4b0c-b2ec-d9ec58c2df04,beverley.website,available,2.99,22.99,medium,low,8,namesilo,,,29/09/2026 00:09
c92719fd-b6bd-4d27-99e5-105debbb39e3,fruitful.website,available,0.98,20.98,high,low,8,namecheap,,,18/08/2026 17:02
f414a204-fac5-41fc-b99f-b63e7786e551,pied.website,available,0.98,20.98,high,low,4,namecheap,,,03/09/2026 10:39
69390582-8616-4314-8fcd-7c26fe91cbfb,haynes.website,premium,302.5,302.5,medium,low,6,namesilo,,,27/09/2026 01:55
e05033cf-aff8-4322-a40a-4417344b1a92,analyzed.website,available,0.98,20.98,medium,low,8,namecheap,,,
5efecb4a-e124-4cfe-9a7b-b8b4bb663dee,wilmington.website,available,2.99,22.99,high,low,10,namesilo,,,25/09/2026 11:01
5e59df3f-1c04-4af4-80c7-f264c4f40366,instructor.website,premium,116,116,high,low,10,namesilo,,,28/09/2026 02:10
972cf678-10c3-40c6-8d44-a2ada8e2db7e,pliant.website,available,0.98,20.98,medium,low,6,namecheap,,,09/08/2026 14:11
1234b7be-28eb-4fb2-8d5d-b89c0bb66d67,ffa.website,premium,550,1100,high,low,3,dynadot,,,29/09/2026 21:38
0b39c6ee-388c-4649-8641-bad5314a70c1,tomboyish.website,available,0.98,20.98,medium,low,9,namecheap,,,21/08/2026 14:32
b2a80b7e-986c-4e74-a519-f777aec31c3b,valdez.website,available,2.5,21.62,medium,low,6,dynadot,,,28/09/2026 20:43
87f16704-d2bd-4705-a8cf-a4d375327499,nameless.website,resell,,,high,low,8,Porkbun LLC,26/11/2025 10:41,26/11/2026 23:59,26/09/2026 07:42
33e6ed3a-9675-4bee-9bc6-ed665c494260,nordic.website,premium,65,130,high,low,6,namecheap,,,03/09/2026 21:09
55671ec4-f785-40c7-8632-6aa7fad74de4,health.website,premium,3450,3450,high,medium,6,namesilo,,,28/09/2026 03:06
64a6928e-1260-40e5-8fa8-e95c55b732db,ski.website,premium,1107,1107,high,low,3,namesilo,,,27/09/2026 05:28
2c8cc918-d215-475f-9699-298b0a2fc258,eviscerate.website,available,0.98,20.98,medium,low,10,namecheap,,,17/08/2026 15:10
a0a60c64-182e-43d9-b6c0-af715bc419ec,verse.website,available,2.99,22.99,high,low,5,namesilo,,,
33e3b4f8-18ec-463a-8c64-41a5bddabd4c,rostrum.website,available,2.99,22.99,high,low,7,namesilo,,,18/09/2026 17:15
95da219b-8ac6-473a-b634-2e67f5a02cad,rheumatoid.website,available,0.98,20.98,medium,low,10,namecheap,,,06/08/2026 23:10
2408fd2b-e09f-4475-ac58-c0781ab0fc4d,delphian.website,available,0.98,20.98,medium,low,8,namecheap,,,14/08/2026 00:48
a7651520-d7a4-4fee-99f0-378c1cea3cf7,exchanges.website,premium,3250,6500,medium,low,9,namecheap,,,29/09/2026 08:56
70327608-2c5e-4d81-9339-de32538329aa,arrogant.website,premium,302.5,302.5,medium,low,8,namesilo,,,22/09/2026 08:39
491ef7dc-014b-4fc8-b9f7-4aceb447c128,beater.website,available,0.98,20.98,high,low,6,namecheap,,,22/09/2026 21:38
e3c4b1cf-e81d-40fe-ac3f-858b9a80da24,woes.website,premium,302.5,302.5,low,low,4,namesilo,,,20/09/2026 07:52
56ae66e3-9447-4e71-bbdb-9e3c2f275761,gouty.website,available,0.98,20.98,medium,low,5,namecheap,,,20/08/2026 17:18
697b0bd2-e6bf-4dc9-b723-208548232e58,magicians.website,premium,650,1300,medium,low,9,namecheap,,,20/09/2026 20:54
f9e4b776-17d6-4047-95b4-57781869e56b,message.website,premium,650,1300,high,low,7,namecheap,,,08/09/2026 08:47
48b01372-0128-4214-b096-f51f22b93241,afrl.website,available,2.99,22.99,medium,low,4,namesilo,,,17/09/2026 15:27
4b508d1f-62dd-47b4-b672-6a20e02d7c0d,revived.website,available,0.98,20.98,high,low,7,namecheap,,,09/09/2026 11:00
25a152a5-9a3f-4dfd-b255-3b7bcb157754,humor.website,premium,302.5,302.5,high,low,5,namesilo,,,24/09/2026 06:28
2188aeb5-7bbf-46cc-b44e-a1bc97a0c852,hilda.website,available,1.18,20.84,high,low,5,spaceship,,,27/09/2026 19:38
b08dc931-1a8d-4588-a1cb-18ce29cce54a,bihari.website,available,0.98,20.98,medium,low,6,namecheap,,,23/09/2026 15:31
02cf7c04-53a4-42bf-b848-96e78a0b03f5,tasted.website,available,2.99,22.99,medium,low,6,namesilo,,,29/09/2026 11:03
b3d8a71b-415d-47e5-9db2-41e10b23a186,productive.website,premium,625,1250,high,low,10,name.com,,,18/08/2026 21:26
1e770a21-ead7-4440-b3bc-c4ff88c17e94,camping.website,premium,517.7,1035.2,high,low,7,spaceship,,,29/09/2026 02:56
a8c13239-4321-4758-ad27-0e9020b5be0e,dilettante.website,available,0.98,20.98,medium,low,10,namecheap,,,14/08/2026 07:38
af3a4cd2-6e87-46e2-8818-4c6ef53248d8,suits.website,premium,1107,1107,high,low,5,namesilo,,,18/09/2026 12:41
72701586-c367-4d00-844e-f5937104d6d8,gsm.website,premium,1092.18,1092.18,high,low,3,porkbun,,,29/09/2026 15:14
65af907c-d754-49e2-b64a-122c50b084bd,affairs.website,premium,1107,1107,high,low,7,namesilo,,,17/09/2026 14:09
337b8b5c-620e-446c-b22c-e28b8d32b0c8,unmannered.website,available,0.98,20.98,low,low,10,namecheap,,,08/08/2026 07:28
701e2d80-7aa6-4ab7-99c9-2b35b2704f56,demonstrated.website,available,2.99,22.99,high,low,12,namesilo,,,17/09/2026 21:56
3e0f3927-6f5f-4d1e-9b18-8cf13667dd1b,considering.website,available,2.99,22.99,high,low,11,namesilo,,,26/09/2026 03:06
bb178ff7-072c-43df-8bd0-e00957ec9ee0,nuke.website,premium,1107,1107,high,low,4,namesilo,,,21/09/2026 00:16
ca6b45a4-2023-4cdc-956f-e4907319fb3e,anamorphic.website,available,0.98,20.98,medium,low,10,namecheap,,,
2ca5e542-f0c2-42fb-8b91-75fa871dbcc0,jowett.website,available,2.99,22.99,medium,low,6,namesilo,,,23/09/2026 08:21
0a6e76c6-5441-4a62-9e9d-a867e651355c,corregidor.website,available,2.99,22.99,medium,low,10,namesilo,,,22/09/2026 13:13
2acd161f-f9c3-4e90-b42c-483a9e5ef68f,wasteful.website,available,0.98,20.98,medium,low,8,namecheap,,,12/09/2026 08:47
6642421c-a42a-460a-8df8-55374d338f52,jacobson.website,available,2.99,22.99,high,low,8,namesilo,,,28/09/2026 04:07
e4998970-5de6-47db-bcac-f92cc22176b5,inches.website,available,2.99,22.99,low,low,6,namesilo,,,25/09/2026 20:47
3ed767be-7d5a-493c-b1c5-0a30f5b58b42,cager.website,available,2.99,22.99,medium,low,5,namesilo,,,22/09/2026 11:27
9ca03387-c3c0-414c-a94d-245d5333d1a1,arcadic.website,available,2.99,22.99,medium,low,7,namesilo,,,20/09/2026 01:36
674fb926-1aac-470a-828a-dc5ee81c4da5,finished.website,available,0.98,20.98,high,low,8,namecheap,,,24/09/2026 18:27
d9bd8c45-885f-4ac9-a19f-245addf92bfb,examination.website,premium,275,550,high,low,11,dynadot,,,27/09/2026 21:26
5fa337ff-be5a-4958-9c36-e85217e56770,shoaly.website,available,0.98,20.98,high,medium,6,namecheap,,,09/09/2026 12:31
c84f4667-c697-441a-9123-12f091329f55,festal.website,available,0.98,20.98,high,low,6,namecheap,,,18/08/2026 02:13
31dd303e-28e0-4649-8989-070158dd63a0,granville.website,available,0.98,20.98,medium,low,9,namecheap,,,27/09/2026 01:40
03a64409-c727-4be7-b00f-150e952a2e13,components.website,premium,1107,1107,medium,low,10,namesilo,,,29/09/2026 16:20
838ce475-ec46-4235-b6cb-929ccd43d775,twelfth.website,available,0.98,20.98,high,low,7,namecheap,,,
cb252971-0ab0-457e-8921-4cffcd17b864,prenatal.website,premium,640,640,high,low,8,namesilo,,,22/09/2026 05:55
1ea067f5-47c1-4115-a8fe-caa8d6914a77,assaulter.website,available,2.99,22.99,medium,low,9,namesilo,,,17/09/2026 17:42
7b6177ca-70af-47f1-89ba-288f642d1a09,mornings.website,available,2.99,22.99,high,low,8,namesilo,,,20/09/2026 04:12
5c87f2b5-eaf1-442f-8248-74754e1808e1,trade.website,premium,3450,3450,high,medium,5,namesilo,,,30/09/2026 02:52
21565d6e-dc6f-44ec-9d0f-772b1aaaf51a,politically.website,available,2.99,22.99,medium,low,11,namesilo,,,28/09/2026 11:12
5d6cc882-eddf-4c8d-b010-eab6019bb7a3,thrift.website,premium,302.5,302.5,high,low,6,namesilo,,,27/09/2026 03:24
adf355a4-4955-4b40-b8b8-bb07715959a9,armstrong.website,premium,640,640,high,medium,9,namesilo,,,20/09/2026 07:49
21ed8565-1bf7-4d2a-9ebe-295f3a97c227,pitahaya.website,available,2.99,22.99,medium,low,8,namesilo,,,16/09/2026 20:46
1459ee50-5d8b-4dfc-8b07-324a86b021ad,loss.website,premium,116,116,high,low,4,namesilo,,,30/09/2026 03:21
abc473f7-9fe7-43d0-9ca6-3197ddb2bd6f,beaches.website,premium,640,640,high,low,7,namesilo,,,20/09/2026 07:25
29bbd7c2-87b1-46cd-ac20-a27f4de11947,difficulties.website,available,0.98,20.98,high,low,12,namecheap,,,17/09/2026 21:37
beccb67b-b01a-4669-ad11-39698df98f09,bleed.website,available,1.18,20.84,medium,low,5,spaceship,,,28/09/2026 14:26
44856d02-bb15-4f39-81b0-312931e0ec27,humorless.website,available,0.98,20.98,medium,low,9,namecheap,,,21/08/2026 15:23
0ef2d98b-9030-44f2-958d-25c60357e6f2,plays.website,premium,650,1300,medium,low,5,namecheap,,,18/09/2026 05:50
d359905a-2d6a-4b3f-89fa-e39255ffc6dd,bewitched.website,available,0.98,20.98,medium,low,9,namecheap,,,09/08/2026 18:17
95c66d4f-5ce7-4e1c-b909-40393f8cfee8,welles.website,available,0.98,20.98,high,low,6,namecheap,,,27/09/2026 04:13
e899969e-29cb-4541-b92d-048f266c3390,specified.website,available,0.98,20.98,high,medium,9,namecheap,,,10/09/2026 15:25
e07be235-2262-4af5-9cb3-3b3803419d96,omissive.website,available,0.98,20.98,medium,low,8,namecheap,,,04/09/2026 02:28
d2003d44-2918-47be-ba70-d0e2e6a16578,otago.website,available,1.18,20.84,high,low,5,spaceship,,,29/09/2026 22:17
bf62d8e3-3d01-493d-a3ad-fc77f0fb4f44,bathing.website,available,2.99,22.99,high,low,7,namesilo,,,22/09/2026 13:36
69dae098-43ec-49e7-bb46-ea9e9d16d349,simplistic.website,available,0.98,20.98,high,medium,10,namecheap,,,10/09/2026 08:16
e82f06ac-4aba-4912-8116-d32cff951729,beneficent.website,available,0.98,20.98,medium,low,10,namecheap,,,09/08/2026 14:22
ee8f4ffe-459e-42de-b9bf-8a129f98b778,ported.website,available,2.99,22.99,high,low,6,namesilo,,,20/09/2026 15:39
164def46-ea1d-4132-aa88-b974a624d820,sideways.website,available,2.99,22.99,high,low,8,namesilo,,,24/09/2026 01:14
2f996855-e384-420a-96ea-2c798a6c2cdc,rockingham.website,available,0.98,20.98,high,low,10,namecheap,,,28/09/2026 13:42
38069561-f09f-4e85-a014-b1f23a71e958,unbowed.website,available,0.98,20.98,medium,low,7,namecheap,,,12/09/2026 02:27
7d19c5ac-7459-491b-9113-dbcb9ca1ebf1,shocking.website,available,2.99,22.99,medium,low,8,namesilo,,,24/09/2026 11:12
99fb5c6c-7a96-4a17-b71c-c73157f15dfc,wear.website,premium,302.5,302.5,high,low,4,namesilo,,,27/09/2026 08:43
34cf7b41-3948-41fc-b205-b0264aadddea,mckinley.website,available,2.99,22.99,high,low,8,namesilo,,,25/09/2026 04:51
85fe24d9-ecdf-40e7-b791-4fbb17736592,mnemonic.website,available,0.98,20.98,high,low,8,namecheap,,,25/08/2026 02:12
a9d24b03-262a-4a99-aa76-ef86fec9a0c1,unplayable.website,available,0.98,20.98,medium,low,10,namecheap,,,12/09/2026 16:54
bb8716d5-ba63-41f0-aa42-f6f610d8fd95,calculous.website,available,0.98,20.98,medium,low,9,namecheap,,,11/08/2026 14:05
0ba7b3b8-af62-4e72-a600-b78f5a654cd3,tables.website,premium,1625,3250,high,low,6,namecheap,,,27/09/2026 02:00
203e4eb3-d64c-49d1-9392-0c0babdc4571,sale.website,premium,2587.7,5175.2,high,low,4,spaceship,,,29/09/2026 13:09
2cbdd42b-c9e3-4a26-867b-7e5756e68c46,use.website,premium,3125,,high,low,3,name.com,,,29/09/2026 17:38
e74431f6-e45d-4ee3-a098-105ccdbc6683,oks.website,premium,640,640,medium,low,3,namesilo,,,21/09/2026 06:13
0ab239a9-ceca-4506-b3dc-4d42861f8c22,donuts.website,premium,1107,1107,high,medium,6,namesilo,,,18/09/2026 14:27
60be474a-4286-404a-a4bf-4e9b39103de2,flashily.website,available,0.98,20.98,medium,low,8,namecheap,,,14/09/2026 18:54
06d60444-2b28-4ffc-a7bf-af94a3b2d12b,tenants.website,available,20.2,20.2,medium,low,7,cloudflare,,,29/09/2026 05:33
76c743a6-353a-410b-9d78-77122ef9e0df,replying.website,available,2.99,22.99,medium,low,8,namesilo,,,18/09/2026 12:55
1950e168-ba08-4ec3-8c50-5279550f2299,tappan.website,available,2.99,22.99,high,low,6,namesilo,,,20/09/2026 11:08
c6654410-1bde-4323-b012-9fc29a2cbce3,shaven.website,available,0.98,20.98,high,medium,6,namecheap,,,10/09/2026 06:07
37725337-fa3b-4379-b243-f7a5105fba1b,sod.website,premium,640,640,medium,low,3,namesilo,,,24/09/2026 11:02
44bdb515-d12f-4104-bf81-c2a777fe8eaf,filthy.website,premium,156.25,312.5,high,low,6,name.com,,,13/08/2026 08:46
88a01fe8-dce8-46e0-b64a-b93c72c091a4,cuspid.website,available,0.98,20.98,medium,low,6,namecheap,,,11/08/2026 17:03
ee3a14ed-73aa-4faa-9243-a4948673accc,enforce.website,available,1.18,20.84,high,low,7,spaceship,,,29/09/2026 08:23
c9a7a029-6e72-407f-9d91-34b1fe24b93e,bionomics.website,available,2.99,22.99,medium,low,9,namesilo,,,23/09/2026 18:43
fe219edf-1346-49e1-bb9b-8d4697237e94,reichstag.website,available,1.18,20.84,medium,low,9,spaceship,,,28/09/2026 16:30
1a2a1e58-7635-4715-a466-a1031113151d,marion.website,available,2.99,22.99,high,low,6,namesilo,,,25/09/2026 14:37
48b949dc-10eb-4bce-bc11-6294d46473d1,awl.website,premium,640,640,high,low,3,namesilo,,,21/09/2026 10:07
b554d81a-5c3c-46ae-9b9b-079ef60d9f6c,airburst.website,available,4.99,37.99,medium,low,8,name.com,,,17/09/2026 23:00
1444d048-931d-46bb-acc3-db5597755485,albums.website,premium,275,550,medium,low,6,dynadot,,,29/09/2026 05:39
41e8cafb-d0ac-461f-a69e-d976b4db0660,xxi.website,premium,1107,1107,high,low,3,namesilo,,,21/09/2026 12:32
f9f11b93-932d-4ac5-bfe8-b3d2f22214a9,unclouded.website,available,0.98,20.98,medium,low,9,namecheap,,,12/08/2026 12:35
388fb072-6bfd-4a88-89ed-32c4b6e7e2c3,ratings.website,premium,1107,1107,medium,low,7,namesilo,,,19/09/2026 11:52
2941de6f-60c9-4d5e-8319-c42a0c41fb65,mismatched.website,available,0.98,20.98,medium,low,10,namecheap,,,25/08/2026 01:36
1376cd75-3e3f-42b0-83a6-2f6cef6e61a3,childlike.website,available,0.98,20.98,high,low,9,namecheap,,,12/08/2026 05:12
689d6adf-3282-4672-86c3-bcbfa93598a1,trepid.website,available,0.98,20.98,medium,low,6,namecheap,,,11/09/2026 16:07
dc3c74e1-bcf8-45ea-8145-7ec2864dd1ce,todd.website,premium,116,116,high,low,4,namesilo,,,25/09/2026 09:07
7a6b20aa-0500-48ce-88e4-43a2896bf45a,carnegie.website,available,2.99,22.99,high,low,8,namesilo,,,19/09/2026 04:42
d1d0a4bf-670b-4cab-8458-a1eabc13c758,ned.website,premium,1107,1107,high,low,3,namesilo,,,25/09/2026 11:37
114d675c-0984-476c-b9e0-67d37b90406d,amaranthus.website,available,2.99,22.99,high,low,10,namesilo,,,18/09/2026 15:51
3897b1b0-e1d5-4d96-8b5d-ecaa906177c3,sporadic.website,available,0.98,20.98,medium,low,8,namecheap,,,10/09/2026 16:29
d1f0110b-eb7f-4b50-9922-edcaa505e1ce,hockey.website,premium,1107,1107,high,low,6,namesilo,,,25/09/2026 22:46
876d9758-0d91-4cd4-b240-fd524ab2c363,vixenish.website,available,0.98,20.98,medium,low,8,namecheap,,,13/09/2026 06:24
43e30005-27bb-4d1c-9a46-283dfae9d32c,assembly.website,resell,,,high,low,8,Dynadot Inc,24/01/2026 13:22,24/01/2027 23:59,26/09/2026 04:04
2cef6e28-d7cd-4c17-b2cd-f7206e85128f,heavier.website,available,1.18,20.84,low,low,7,spaceship,,,29/09/2026 04:51
bf3a39a0-2cbc-49a4-9668-39de251d4036,baldachin.website,available,0.98,20.98,medium,low,9,namecheap,,,21/09/2026 21:30
dfb1e515-272e-45fc-88a8-3921a75fbef1,parasite.website,available,0.98,20.98,high,low,8,namecheap,,,29/09/2026 01:47
2580eae9-73ea-4044-a5d6-f9213792b085,curium.website,available,2.99,22.99,medium,low,6,namesilo,,,21/09/2026 00:13
5520d666-2c59-4cd9-aa50-fb2fd5c24c55,heilong.website,available,2.99,22.99,medium,low,7,namesilo,,,19/09/2026 00:15
ef6a3344-703a-46e3-86be-0bee5c688a70,rimy.website,available,0.98,20.98,medium,low,4,namecheap,,,09/09/2026 17:41
18551985-e538-40de-959a-f6ef5ffbaff6,remaining.website,available,0.98,20.98,high,low,9,namecheap,,,22/08/2026 22:43
abde5e5d-214f-43db-b23a-93fa3f8b5e74,distributor.website,available,1.18,20.84,high,low,11,spaceship,,,29/09/2026 08:54
75fa3f1a-6313-4036-b41a-7c1b078449bd,nix.website,premium,325,650,high,low,3,namecheap,,,03/09/2026 22:30
f82a8e0f-c03f-4b6a-9a36-df998b945cee,pls.website,premium,312.5,,high,low,3,name.com,,,
8304f5e1-46c3-4ccc-9168-79b0b482c57b,personable.website,available,0.98,20.98,high,low,10,namecheap,,,08/09/2026 17:59
fba38610-2156-4073-a46d-7ccac0e50921,divers.website,premium,156.25,,high,low,6,name.com,,,
b6fa4c87-de1a-4c7a-8b34-bd6882aecb31,simian.website,available,0.98,20.98,high,medium,6,namecheap,,,10/09/2026 08:14
36b005f6-49db-46b2-9a18-a3e9d59cf4ea,spiritless.website,available,0.98,20.98,low,low,10,namecheap,,,10/09/2026 15:54
2244460c-1abc-41f1-9a72-86b5ac797d9d,contract.website,premium,650,1300,high,low,8,namecheap,,,03/09/2026 13:23
0aa1d445-38cb-4cfa-8da9-dba321cafea7,asexual.website,available,0.98,20.98,high,low,7,namecheap,,,07/08/2026 01:33
03533627-a9e6-49f0-b73e-0f084abc23e7,chuffed.website,available,0.98,20.98,medium,low,7,namecheap,,,12/08/2026 07:37
d5fbe68c-556a-492b-b389-39cdfcbcff1f,washes.website,available,2.99,22.99,medium,low,6,namesilo,,,20/09/2026 04:54
71d14b89-2e1b-4267-88ea-1700ed6b364f,humility.website,premium,302.5,302.5,high,low,8,namesilo,,,29/09/2026 07:17
e3dce604-688e-4d0c-aef1-6e9e20457df5,sheeny.website,available,0.98,20.98,high,low,6,namecheap,,,20/08/2026 14:32
78d81c4c-f687-4115-8601-75117db1f41a,bared.website,available,2.99,22.99,medium,low,5,namesilo,,,22/09/2026 17:24
fa709d8b-e83e-4aa5-90f3-973458b7f68e,acetabular.website,available,0.98,20.98,medium,low,10,namecheap,,,
72fd1e0b-ee8e-47c0-8c5b-7334a05d437e,perform.website,premium,62.5,,high,low,7,name.com,,,
b52730ab-efa6-452c-826a-12ab989feb4b,minimally.website,available,0.98,20.98,high,low,9,namecheap,,,15/09/2026 15:02
4c65eb5b-d853-495c-8f1e-0faaa8f57df9,compensation.website,premium,,,high,low,12,,,,29/09/2026 04:39
5824b3b6-5c71-47ea-9c06-48a71d4b1dc4,construction.website,premium,625,,high,low,12,name.com,,,
2a45a349-14fe-4586-8aab-c74e27fb9fd5,ever.website,premium,62.5,,high,medium,4,name.com,,,28/09/2026 12:12
e5141b3b-3c68-4a5e-a408-d45f6eb48b65,syriac.website,available,1.96,21.11,high,low,6,porkbun,,,28/09/2026 03:24
38469530-2ed5-412f-aa49-6ac1f7840e1b,hodgkin.website,available,0.98,20.98,medium,low,7,namecheap,,,18/09/2026 01:43
c4d87b31-5067-4d93-aa25-58479b02c7d7,excited.website,premium,162.5,325,high,low,7,namecheap,,,24/09/2026 15:55
d984ee9a-ac3d-47a9-9477-46838425c9f3,has.website,premium,312.5,,high,low,3,name.com,,,
77cb0f6d-b01d-475d-95a9-fc0f17e04b1e,kidnapped.website,available,2.99,22.99,medium,low,9,namesilo,,,27/09/2026 03:07
5e5faa65-a7d5-4328-9922-a12d6df09a1f,behest.website,available,2.99,22.99,high,low,6,namesilo,,,23/09/2026 03:29
22056744-fc25-4cee-aa21-00e52ad0a4b7,mongoloid.website,available,0.98,20.98,medium,low,9,namecheap,,,25/08/2026 04:49
641c66b6-5203-4247-a825-cddc19388fa2,breaking.website,premium,116,116,high,low,8,namesilo,,,25/09/2026 02:26
57d7b392-3746-4390-9b90-fe394c118f92,imbalanced.website,available,0.98,20.98,medium,low,10,namecheap,,,21/08/2026 20:20
8cec6aaf-1243-4e69-98d4-fc55b80cce4d,wishfully.website,available,2.99,22.99,medium,low,9,namesilo,,,16/09/2026 11:32
2c80cd02-9f8c-4ece-9034-75f4324f358d,chairs.website,premium,325,650,medium,low,6,namecheap,,,17/09/2026 18:32
3544cc8d-76f1-4d49-b17e-dd241c3462c3,norseman.website,available,0.98,20.98,high,low,8,namecheap,,,03/09/2026 21:43
301a736d-d77f-4245-93e5-a82e5b10d0a1,effortful.website,available,0.98,20.98,medium,low,9,namecheap,,,15/08/2026 16:20
585a7812-8ed4-46c9-99e8-2cc1d15d82c0,pickaback.website,available,0.98,20.98,medium,low,9,namecheap,,,15/09/2026 19:48
e6a73ef7-ba9e-458e-a582-f4b877fc9943,aphorist.website,available,2.99,22.99,medium,low,8,namesilo,,,19/09/2026 17:11
95641899-8b40-46db-b219-e8eabc2a7ff6,kidding.website,available,2.99,22.99,high,low,7,namesilo,,,29/09/2026 03:02
16ea304f-7303-4f47-abee-b31391aafe47,stranded.website,available,4.99,37.99,high,low,8,name.com,,,25/09/2026 17:00
e4c3c99e-f717-49d4-a70e-8e2e384c7150,whiskers.website,available,0.98,20.98,high,low,8,namecheap,,,22/09/2026 21:02
054b1c05-2b03-477d-844b-230c4a53ef96,lamp.website,premium,1107,1107,high,low,4,namesilo,,,30/09/2026 01:59
e7bf5169-2bbb-4127-aa2c-7cde29d1089c,rocky.website,premium,162.5,325,high,low,5,namecheap,,,23/09/2026 01:13
cee29700-e277-48eb-9db7-f277ebfd6fe2,sharon.website,premium,162.5,325,high,low,6,namecheap,,,27/09/2026 06:30
81d43013-b705-4e1f-b587-4c9315df38ec,spacey.website,available,0.98,20.98,high,medium,6,namecheap,,,10/09/2026 15:06
0c0a505c-a828-4395-ba87-b1f51dd9f902,yesteryear.website,available,0.98,20.98,high,low,10,namecheap,,,08/09/2026 10:02
bb8a8e6c-738b-4154-ae99-dbf80a993a80,profess.website,available,4.99,,high,low,7,name.com,,,
05b2fcbb-98b7-41a3-a4a5-e05d6fd92ffa,keyboard.website,premium,3450,3450,high,low,8,namesilo,,,28/09/2026 19:38
4aa5602d-bfe9-4c20-be85-2e7a8f4fb048,christi.website,available,0.98,20.98,medium,low,7,namecheap,,,25/09/2026 21:26
f7b504f2-f7b3-4522-85c7-907a4d93b4e4,alumina.website,available,2.99,22.99,medium,low,7,namesilo,,,18/09/2026 15:12
522b2c39-474e-4de8-ab7e-ab052b4fad37,voter.website,available,20.2,20.2,high,low,5,cloudflare,,,29/09/2026 17:52
6f3d8875-9a0a-474e-a6f5-48a8c00ba4f8,diarrhea.website,available,1.96,21.11,medium,low,8,porkbun,,,29/09/2026 18:38
016c9d57-7e92-4b00-af73-d25988a2d6bc,atoll.website,available,2.99,22.99,high,low,5,namesilo,,,20/09/2026 21:52
d813d545-d1ec-45ef-9ecd-6031720f98ea,alliaceous.website,available,0.98,20.98,medium,low,10,namecheap,,,
7681f132-2718-40ee-8257-562d3a6e494e,eolic.website,available,2.99,22.99,low,low,5,namesilo,,,17/09/2026 12:36
5f4ea853-b50e-4e29-aab5-b6b7cd8b2c1f,sisters.website,premium,156.25,312.5,high,low,7,name.com,,,
147e8e14-9e05-47c2-8fc6-a0cd82e1ed07,acarpelous.website,available,0.98,20.98,medium,low,10,namecheap,,,
0bc68b41-44cb-445d-ab41-2e36bb82782f,evanston.website,available,1.18,20.84,medium,low,8,spaceship,,,28/09/2026 08:11
5855f190-1f01-41c5-a06e-efa16157a04b,minacious.website,available,0.98,20.98,low,low,9,namecheap,,,24/08/2026 19:57
69c2b049-9d62-4d53-8348-5a1aab42d283,livonia.website,available,2.99,22.99,medium,low,7,namesilo,,,30/09/2026 02:09
973e1a7f-95c5-4b66-aa30-fabf4d3e75da,awhile.website,available,1.96,21.11,medium,low,6,porkbun,,,28/09/2026 13:12
59a9b744-27f9-427f-9b4d-5a2411dc2dcf,passport.website,premium,640,640,high,low,8,namesilo,,,27/09/2026 04:57
28ac20ad-b47e-4d99-9b83-58bbb6acf310,herzog.website,available,2.99,22.99,high,low,6,namesilo,,,28/09/2026 16:13
fc0855e1-376f-4f35-8950-e1b64fe2f215,sailing.website,premium,325,650,high,low,7,namecheap,,,10/09/2026 00:37
9a21703d-ce60-4f4c-9061-d5463ec128a0,taking.website,premium,625,1250,high,low,6,name.com,,,18/08/2026 02:22
dd69ad55-d020-4031-b96a-d08aef190384,maimonides.website,available,20.2,20.2,medium,low,10,cloudflare,,,29/09/2026 13:20
5b04909d-fea6-4b26-a1d2-3b8838eb9a22,joshi.website,premium,,,high,low,5,,,,29/09/2026 14:31
fdca6c60-27ba-42b6-aaf6-fcd0989f8c7d,refinery.website,available,2.99,22.99,high,low,8,namesilo,,,30/09/2026 02:41
f2adc730-c7f7-47b0-bfc1-b6de6d7d325a,expansion.website,premium,129.58,258.95,high,low,9,spaceship,,,28/09/2026 19:05
e513436a-1f7d-4b02-aa35-e39d0652ea4c,topology.website,premium,116,116,high,low,8,namesilo,,,19/09/2026 01:59
b1c2e069-5b62-4a3d-846f-35c7f8528850,adience.website,available,2.99,22.99,medium,low,7,namesilo,,,17/09/2026 08:09
d5269683-b22d-4c4f-9c94-693731e292f6,opponent.website,available,0.98,20.98,high,low,8,namecheap,,,04/09/2026 16:36
170ccab4-128a-4b5f-b354-fab0807bde8b,dogmatism.website,available,2.99,22.99,medium,low,9,namesilo,,,23/09/2026 15:23
6f255c8e-064b-4b5f-9bb4-8f5f1d9b7a9e,honestly.website,available,0.98,20.98,high,low,8,namecheap,,,
a6eaa9fc-7ec0-42ba-9109-5e42bff1e5e9,willis.website,premium,302.5,302.5,high,low,6,namesilo,,,25/09/2026 10:53
d4adbfa0-7a09-4687-9a68-1dc2e2cb78b1,overlook.website,available,4.99,,high,low,8,name.com,,,
b2550617-183e-4af8-a053-30ab74ce3c36,heartsease.website,available,2.99,22.99,medium,low,10,namesilo,,,20/09/2026 19:40
d754bb2e-585b-4065-984a-f29ec6f4f44b,understandable.website,available,2.99,22.99,high,low,14,namesilo,,,
e60bddde-7a12-4c08-8b98-ac78ab95feae,travis.website,premium,302.5,302.5,high,low,6,namesilo,,,25/09/2026 13:01
88a6e86f-ac25-40ff-8f63-f3cb0d33e9ab,bets.website,resell,,,high,low,4,Namify Domains Inc,16/02/2021 19:42,16/02/2029 23:59,26/09/2026 04:23
2da18f84-c907-49ed-a0e9-f8484b260ca5,assessable.website,available,0.98,20.98,medium,low,10,namecheap,,,07/08/2026 06:04
89402b90-9b5c-4b25-97eb-c3c3b62a4a4b,song.website,premium,650,1300,high,low,4,namecheap,,,29/09/2026 02:49
d1ce15bf-d985-4090-93a1-438448fe9b7a,endorse.website,available,0.98,20.98,high,low,7,namecheap,,,08/09/2026 09:45
885a72a5-8c42-4342-82f8-fb628462896e,respectable.website,available,2.99,22.99,high,low,11,namesilo,,,28/09/2026 11:23
20f3d36e-7c26-40e6-a6e2-5c751cda3099,bank.website,premium,2587.7,5175.2,high,medium,4,spaceship,,,29/09/2026 01:00
6954bfb4-903d-4b5e-8493-2fa18fbd5596,unrefined.website,available,0.98,20.98,medium,low,9,namecheap,,,12/09/2026 17:28
41a4c018-55d9-434d-acb9-eed7d8b629c6,xciv.website,available,0.98,20.98,medium,low,4,namecheap,,,
26a00dcf-2f63-4c54-be3b-3a71893c38a1,anapest.website,available,2.99,22.99,medium,low,7,namesilo,,,19/09/2026 02:04
5645b526-1de6-4ab4-8bdb-492671b9bb02,cambria.website,premium,162.5,325,high,low,7,namecheap,,,29/09/2026 18:09
f793a380-5014-4be5-9bda-8efc15fd93ab,theatre.website,premium,1107,1107,high,low,7,namesilo,,,24/09/2026 23:54
5506fae1-21ec-40bd-9667-8e9dfc72481c,ascaris.website,available,2.99,22.99,medium,low,7,namesilo,,,20/09/2026 13:03
3c90ad1d-7887-4633-810f-95fc3212c049,moldavia.website,available,2.99,22.99,medium,low,8,namesilo,,,29/09/2026 13:27
f3986377-f676-4842-b6e9-2496dc9f485d,roofs.website,available,2.99,22.99,medium,low,5,namesilo,,,
27e83708-0772-48be-9e02-87177396b988,measles.website,available,2.99,22.99,high,low,7,namesilo,,,30/09/2026 04:11
22708672-2026-4d32-8c42-932bcc3cb711,saturday.website,available,,,high,low,8,,,,
1ad84f01-8fe4-4107-bf3c-5a6c45e3b693,opium.website,premium,129.58,258.95,medium,low,5,spaceship,,,29/09/2026 01:45
c7773f1b-532f-44bc-a36f-cac35ae44b94,colorful.website,premium,625,1250,high,low,8,name.com,,,12/08/2026 17:48
429abccd-76c4-4e07-b27d-13e54247f326,pvc.website,premium,640,640,high,low,3,namesilo,,,29/09/2026 01:51
139709df-2df7-45d1-8e62-74395760f247,amorpha.website,available,2.99,22.99,medium,low,7,namesilo,,,18/09/2026 22:43
72c87a4f-5050-4bfd-badd-9a3156d9e991,award.website,premium,3450,3450,high,low,5,namesilo,,,27/09/2026 06:31
d39a1be8-2ce0-4288-a5a5-c937f270f210,mahan.website,available,0.98,20.98,high,low,5,namecheap,,,18/09/2026 06:45
32f5ab1b-787e-4853-83de-6c0a076e1f57,antithetic.website,available,0.98,20.98,medium,low,10,namecheap,,,05/08/2026 19:49
a665da86-2a46-4d4d-beef-91423c635a91,folding.website,premium,162.5,325,high,low,7,namecheap,,,24/09/2026 20:52
86a11bf2-1ea4-4715-a66a-f3b0601ffd21,yorker.website,available,2.99,22.99,high,low,6,namesilo,,,29/09/2026 08:35
f2108b20-2351-4a6c-9dbe-e9e8c553c3ff,dangers.website,available,2.99,22.99,medium,low,7,namesilo,,,18/09/2026 04:42
8ccb1565-73b8-4483-a4af-3934beb2a7ec,faddy.website,available,0.98,20.98,medium,low,5,namecheap,,,17/08/2026 20:35
4787892b-7ff1-4fec-b2f7-b585517f78a5,enjoyably.website,available,0.98,20.98,medium,low,9,namecheap,,,13/09/2026 18:24
9dd650e4-6d46-4c01-b087-f1b0b55c5d1d,pulmonic.website,available,0.98,20.98,high,medium,8,namecheap,,,09/09/2026 05:55
723d7c75-4bfc-4034-a120-ce5831101090,steriliser.website,available,2.99,22.99,medium,low,10,namesilo,,,21/09/2026 06:06
f54180b7-3751-4f5c-98f6-a19f2bc81577,trifid.website,available,0.98,20.98,medium,low,6,namecheap,,,11/09/2026 19:33
7d3eb7e7-0fc3-4984-b2ea-48321d6cafb5,earl.website,available,2.99,22.99,high,low,4,namesilo,,,28/09/2026 05:33
1b8c0c41-159d-4ba0-8d41-86d88ad059be,lane.website,premium,312.5,,high,low,4,name.com,,,30/09/2026 02:05
2595c163-dc55-4c97-8efc-0888e94782f6,assignment.website,available,2.99,22.99,high,low,10,namesilo,,,19/09/2026 21:59
4e1875d9-43a3-49cc-93cb-7d550d95db84,public.website,premium,1107,1107,high,medium,6,namesilo,,,27/09/2026 08:01
32397ec1-f8ff-4ce6-a78d-1876867bbd1b,santo.website,premium,302.5,302.5,high,low,5,namesilo,,,25/09/2026 11:17
278b312a-fb76-4abb-90ba-ad691131cadf,traced.website,available,20.2,20.2,low,low,6,cloudflare,,,28/09/2026 13:04
f91b4bb6-1d4f-4c0a-80b6-cdf1ffdf5d37,hearsay.website,available,0.98,20.98,high,low,7,namecheap,,,21/08/2026 02:04
5e634c5b-179a-4892-9334-62797d6ea280,cyclist.website,available,2.99,22.99,high,low,7,namesilo,,,23/09/2026 13:21
5118b324-cefe-4e45-adcc-ca2a09f56dab,deb.website,premium,,,medium,low,3,,,,29/09/2026 06:35
4dcf3483-424c-49fb-a081-98fa22d2aad7,alongside.website,available,0.98,20.98,high,low,9,namecheap,,,13/09/2026 19:12
be42d240-0643-44bd-b310-a4f2c6188126,twinning.website,available,0.98,20.98,high,low,8,namecheap,,,10/08/2026 04:17
652d72c1-fa63-43f9-ac60-d3a7d043712b,sexuality.website,resell,,,high,low,9,,,,28/09/2026 10:54
e09c8676-2fc5-41a7-bd57-91d2aea4b4b1,suicidal.website,available,0.98,20.98,medium,low,8,namecheap,,,10/09/2026 02:02
15569faa-3c37-4c0f-8d9c-4c0030748db9,other.website,premium,1107,1107,high,low,5,namesilo,,,26/09/2026 00:34
a1f32c54-c135-486e-89e8-85f213221269,crotchety.website,available,0.98,20.98,medium,low,9,namecheap,,,13/08/2026 08:25
a080b947-7190-4a9b-b56c-dbc6081997e9,diagonally.website,available,0.98,20.98,medium,low,10,namecheap,,,14/09/2026 12:34
21076434-f940-4412-99a8-bf16736399ab,tunas.website,available,0.98,20.98,medium,low,5,namecheap,,,19/09/2026 22:09
0106e9c3-e92c-483a-b472-caa94465e841,extravagant.website,premium,129.58,258.95,high,low,11,spaceship,,,30/09/2026 03:34
50a9e8d0-a4e1-43fc-a8c2-41d3d9ac76df,crime.website,premium,650,1300,high,low,5,namecheap,,,24/09/2026 19:24
55d9daf1-7538-4f05-9c2f-b19eeee3ecf8,upstage.website,available,0.98,20.98,high,low,7,namecheap,,,
aca32c1b-8a70-4c05-a554-9a0df7a7a327,mysteriously.website,available,2.99,22.99,medium,low,12,namesilo,,,30/09/2026 04:03
6c51092a-1000-40e4-8455-b6781634a59b,harry.website,premium,137.5,275,high,low,5,dynadot,,,29/09/2026 07:09
53cedb05-f785-4c6b-b62b-f057fabcf90a,sorting.website,available,20.2,20.2,high,low,7,cloudflare,,,30/09/2026 02:57
30bfcfca-95dd-40c0-8bb2-535df5c1b562,deemed.website,available,1.18,20.84,high,low,6,spaceship,,,29/09/2026 23:04
e78f26d3-78aa-4fd4-9b2a-af886e235fbe,outclassed.website,available,0.98,20.98,medium,low,10,namecheap,,,04/09/2026 19:12
d8b71ec2-7734-4969-a7e8-4c13a83eba2b,ambiguous.website,available,0.98,20.98,high,low,9,namecheap,,,
e6f70766-d664-49bb-b511-165cffa5d129,living.website,premium,1107,1107,high,low,6,namesilo,,,25/09/2026 14:05
6b3fdef7-9272-499c-a60f-947988cb99b8,falter.website,available,0.98,20.98,high,low,6,namecheap,,,17/08/2026 21:39
fda2db50-f11d-457e-a95c-2128192d40fe,unfrozen.website,available,0.98,20.98,medium,low,8,namecheap,,,12/09/2026 10:54
8b7b0fe7-8d3c-407d-824c-89415720da0c,forks.website,premium,325,650,medium,low,5,namecheap,,,29/09/2026 05:49
40b51c71-1ca8-4874-b614-f05a66a543fc,kelvin.website,premium,62.5,125,high,low,6,name.com,,,22/08/2026 15:02
ca2f5e3a-9f06-4721-aca4-ae7e838e20ad,greene.website,premium,116,116,high,low,6,namesilo,,,25/09/2026 06:41
a815830c-42b1-494a-8f46-1d8efc0e30e7,atrophic.website,available,0.98,20.98,medium,low,8,namecheap,,,07/08/2026 14:52
c1de85c2-cfaf-4877-9305-398a18013d06,grassless.website,available,0.98,20.98,medium,low,9,namecheap,,,20/08/2026 18:13
e4e9b958-5131-4cba-a268-e7b5e12d3ce1,tied.website,available,0.98,20.98,high,low,4,namecheap,,,22/08/2026 17:45
5f5791c2-1df1-4410-8afe-4f9829063f08,worker.website,premium,1107,1107,high,low,6,namesilo,,,27/09/2026 07:18
08b3b43e-195b-41b4-a92d-27a0452a3523,participation.website,available,1.18,20.84,high,low,13,spaceship,,,28/09/2026 22:50
74495fcb-e8fd-4079-8781-4905632025e0,foursome.website,available,0.98,20.98,high,low,8,namecheap,,,
4557fb86-5109-464b-9b75-baedfc2e5d32,penguin.website,premium,650,1300,high,medium,7,namecheap,,,28/09/2026 10:42
55e46183-3adb-4e53-9c10-337be10cd54a,duly.website,available,0.98,20.98,high,low,4,namecheap,,,14/09/2026 14:47
8b4ea5d4-5cbf-414f-8977-e7b367bdf11d,affordable.website,premium,650,1300,high,low,10,namecheap,,,21/09/2026 21:59
c4094a57-3f5f-446f-93f9-0c35ea01d24d,emmy.website,available,2.5,21.62,high,low,4,dynadot,,,29/09/2026 06:46
d6876cd9-4a73-4ef2-ad88-c1e8fbb531f3,prohibition.website,available,1.18,20.84,medium,low,11,spaceship,,,29/09/2026 15:19
2f83109c-8248-42f9-83fe-d8a0de2bea29,beatific.website,available,0.98,20.98,high,low,8,namecheap,,,
00f811df-45ec-46f6-88e8-fdcc2b757d2a,vocational.website,available,0.98,20.98,high,low,10,namecheap,,,13/09/2026 06:29
caa807ba-2021-44b1-8b82-9e5c17c8e3d5,coin.website,premium,312.5,625,high,medium,4,name.com,,,25/08/2026 00:50
16aa513b-2030-41da-b9db-9ce73e2fea2f,despairing.website,available,0.98,20.98,medium,low,10,namecheap,,,14/08/2026 03:56
68c7f505-b9cb-4bf7-b9b2-58b5573c132a,deformity.website,available,0.98,20.98,medium,low,9,namecheap,,,24/09/2026 21:21
6b610d0c-080e-4821-a55b-f70f4c5a9c6e,dialectal.website,available,0.98,20.98,medium,low,9,namecheap,,,14/08/2026 05:48
d6ac5212-e035-4bde-9b2c-ae7ab9f8cf00,hothead.website,available,4.99,37.99,medium,low,7,name.com,,,13/08/2026 17:45
e4092de1-6b6e-4bb6-a5bc-9cf758bd9618,con.website,premium,640,640,high,low,3,namesilo,,,28/09/2026 14:15
dd4408b8-fc18-43a9-83c7-0a7df621f7f9,abb.website,premium,640,640,high,medium,3,namesilo,,,16/09/2026 14:19
ba3d9a9b-5088-4a35-af59-754eb846e534,ring.website,premium,550,1100,high,low,4,dynadot,,,28/09/2026 21:16
f5fef42c-de9c-423f-b822-4809e2407244,saame.website,available,0.98,20.98,high,medium,5,namecheap,,,09/09/2026 21:08
31f9214c-ef41-42b4-ac6c-02e67f53ab88,ahorse.website,available,0.98,20.98,medium,low,6,namecheap,,,
4edb8c2e-9bf3-4579-b2a5-fa5e70438f94,groovy.website,resell,,,high,low,6,Dynadot Inc,16/02/2026 12:17,16/02/2027 23:59,26/09/2026 06:30
09a62f03-c8ed-49cf-838c-f40afff0270e,sofia.website,premium,302.5,302.5,high,medium,5,namesilo,,,24/09/2026 11:03
48e0d235-36fa-45c4-801a-10a15b535850,blasphemer.website,available,0.98,20.98,medium,low,10,namecheap,,,24/09/2026 04:14
192731af-4fcb-4318-a5d3-e74e47e704d9,andhra.website,available,1.18,20.84,medium,low,6,spaceship,,,29/09/2026 04:23
7cc63da0-c906-420c-958e-b160f0091fc2,ascot.website,premium,162.5,325,high,low,5,namecheap,,,20/09/2026 13:27
3cb89f69-78b7-4210-8d62-a3f0e6d65867,receive.website,available,2.99,22.99,high,low,7,namesilo,,,
116d9350-77e0-4cd6-99f3-7ec989ef501f,yearly.website,available,1.18,20.84,high,low,6,spaceship,,,28/09/2026 11:15
d73befbd-5b00-4615-99b1-689483b0c6f6,webshop.website,available,2.99,22.99,high,low,8,namesilo,,,
70030944-8c05-4f53-9c79-c8cdd03b0bde,input.website,resell,,,high,low,5,"Name.com, Inc.",02/03/2025 18:10,02/03/2027 23:59,26/09/2026 06:53
10a9b379-5d5d-4ef3-bdff-cf8d4c11da7a,knavish.website,available,0.98,20.98,medium,low,7,namecheap,,,13/08/2026 04:34
f00740b1-4fe7-4a5b-90f2-a16f6c26278f,practising.website,available,1.18,20.84,high,low,10,spaceship,,,30/09/2026 04:09
64b77a77-88aa-46ff-8772-71bb407b6126,asocial.website,available,0.98,20.98,medium,low,7,namecheap,,,07/08/2026 04:36
3cb7ecc3-337c-4195-a1f7-f9ed9613fb97,thespian.website,available,0.98,20.98,high,low,8,namecheap,,,11/09/2026 13:05
a0de81c1-fa5f-4035-aec0-25eb18ae5a20,laying.website,available,2.99,22.99,high,low,6,namesilo,,,25/09/2026 22:34
d6eecda2-14da-4484-ae40-8f1fbf96b19d,ralph.website,premium,640,640,high,high,5,namesilo,,,25/09/2026 11:33
6b109f7a-d556-4228-b81c-016552b6d5a1,combinations.website,available,2.99,22.99,medium,low,12,namesilo,,,17/09/2026 17:12
12a9781b-43df-44bd-982e-915c92b9397e,pebbly.website,available,0.98,20.98,medium,low,6,namecheap,,,20/08/2026 18:47
8e0d2409-e7a7-4a48-b923-44a91ab49d57,where.website,premium,312.5,,high,low,5,name.com,,,
12e14988-6703-4e02-9659-e5f85133c34d,necessity.website,available,2.99,22.99,high,low,9,namesilo,,,24/09/2026 15:20
294c75a3-a0da-4a6a-ade6-d95c43f6b35b,perfume.website,premium,650,1300,high,low,7,namecheap,,,27/09/2026 04:02
b24a1ecc-0238-4d8e-be7e-98b9f11eab36,pester.website,available,2.99,22.99,medium,low,6,namesilo,,,21/09/2026 17:02
35a75b9f-e707-4b96-a93e-0d9d8aaef296,locked.website,premium,640,640,high,low,6,namesilo,,,27/09/2026 02:54
69121b1f-86b4-4c22-baad-621df40ed724,synthetic.website,resell,,,high,low,9,Dynadot Inc,19/03/2022 01:46,19/03/2027 23:59,26/09/2026 09:28
eaf9e68a-7fbe-422c-a70d-879cff817bfe,crystal.website,premium,1092.18,1092.18,high,low,7,porkbun,,,29/09/2026 12:25
c4304a0c-0db5-4250-9b45-e15da80406c0,plushy.website,available,0.98,20.98,medium,low,6,namecheap,,,24/08/2026 11:02
999cec77-694e-4b8c-a411-f431f7bd5ba4,sus.website,premium,517.7,1035.2,high,low,3,spaceship,,,28/09/2026 14:17
ba1e06c7-fc1b-4484-ab0a-f7744f45ede7,graphics.website,premium,517.7,1035.2,high,low,8,spaceship,,,28/09/2026 22:24
31bb335c-9f7e-4ff0-8190-ddd67545beb5,champlain.website,available,1.18,20.84,medium,low,9,spaceship,,,28/09/2026 01:38
a73f24a4-c327-4a61-b489-0a17f401cf55,mistake.website,available,0.98,20.98,high,low,7,namecheap,,,25/09/2026 05:40
336d8a06-0e18-4713-b394-7e2bddf2a1c8,unshod.website,available,0.98,20.98,medium,low,6,namecheap,,,14/08/2026 09:48
0a0e0d72-113c-467a-a8bd-091b972a7aa6,grossly.website,available,0.98,20.98,medium,low,7,namecheap,,,14/09/2026 22:29
c0217601-baef-4ebb-8506-f187b89bb7bb,gal.website,premium,325,650,high,low,3,namecheap,,,29/09/2026 20:30